NAME,AGE,GENDER,SSN,BLOOD GROUP,RELIGION,SALARY,DISEASES,STATE,PINCODE
SHREYAS,71,F,1153,A+,SIKH,216755,DENGUE,ANDHRA PRADESH,535204
SOHAIB,92,M,1116,A+,CHRISTIAN,213303,ASTHMA,ANDHRA PRADESH,522307
SEANE,23,M,1613,B+,MUSLIM,222988,INFLUENZA,ANDHRA PRADESH,524004
AHMED,69,M,1939,AB-,CHRISTIAN,213199,TYPHOID,BIHAR,845452
ANGELO,78,M,1125,B+,MUSLIM,220904,HYPERTENSION,ASSAM,787058
ALVERN,68,M,1923,A+,HINDU,230899,CHOLERA,ANDHRA PRADESH,531029
ARISTOMENIS,26,M,1218,AB+,SIKH,230578,TYPHOID,HARYANA,123411
REHAAN,65,M,1409,A+,SIKH,210356,SMALL POX,ANDHRA PRADESH,524234
RUARIDH,51,F,1500,AB-,CHRISTIAN,200772,ASTHMA,ANDHRA PRADESH,535125
ALVIN,21,M,1761,O+,SIKH,223849,DIABETES,ANDHRA PRADESH,516172
DEVRIN,73,F,1768,AB-,HINDU,211343,ASTHMA,ANDHRA PRADESH,522647
DEVYN,70,F,1810,B+,MUSLIM,200378,SMALL POX,ANDHRA PRADESH,535250
ARANN,46,F,1382,B+,HINDU,220199,DENGUE,UTTAR PRADESH,209206
TITUS,64,F,1544,A-,MUSLIM,212209,CHICKEN POX,ANDHRA PRADESH,532168
FILIP,71,F,1471,AB+,SIKH,208716,BRAIN TUMOUR,UTTARAKHAND,246121
TEMBA,91,F,1803,A+,HINDU,217532,CHICKEN POX,PUNJAB,142050
UZAIR,23,F,1653,AB+,CHRISTIAN,211844,MALARIA,KERALA,673595
TODD,34,F,1416,AB+,SIKH,206194,SWINE FLU,HIMACHAL PRADESH,174034
RONNIE,22,M,1081,A+,CHRISTIAN,223779,STROKE,ANDHRA PRADESH,522529
RYLEIGH,67,F,1293,A+,SIKH,207172,ARTHRITIS,HIMACHAL PRADESH,176103
THEODORE,39,F,1852,A-,SIKH,224839,JAUNDICE,DELHI,110062
ALLISTER,71,F,1246,A-,HINDU,228956,STROKE,HARYANA,123411
ESHAN,91,F,1864,O-,CHRISTIAN,212644,SMALL POX,JHARKHAND,825108
CRISTIAN,26,F,1981,O-,CHRISTIAN,230352,HYPERTENSION,ANDHRA PRADESH,515405
ACE,93,M,1897,A-,CHRISTIAN,220050,DENGUE,JHARKHAND,828204
VALENTINO,85,M,1940,AB-,MUSLIM,213369,TYPHOID,BIHAR,845454
DOIRE,21,F,1149,B-,MUSLIM,205188,HEPATITIS,ARUNACHAL PRADESH,792056
GARY,43,M,1650,O-,MUSLIM,207328,MEASLES,ANDHRA PRADESH,533430
ANDY,37,M,1477,O-,MUSLIM,202125,ASTHMA,ASSAM,788830
TOMAS,86,F,1427,O+,CHRISTIAN,220411,INFLUENZA,ANDHRA PRADESH,521133
HADJI,78,F,1562,AB+,HINDU,232145,DIARRHEA,BIHAR,802212
GRAEME,85,F,1006,A-,HINDU,201746,SWINE FLU,ANDHRA PRADESH,516474
ZACHARY-MARC,86,M,1298,AB-,CHRISTIAN,224747,AIDS,ASSAM,784103
DILRAJ,70,M,1725,AB+,HINDU,204914,MEASLES,ANDHRA PRADESH,524310
REISS,65,M,1633,A+,SIKH,204578,HEART ATTACK,ANDHRA PRADESH,524311
WOJCIECH,30,F,1232,B-,HINDU,230208,SMALL POX,KERALA,679332
SHEA,90,M,1308,A+,HINDU,229510,HEPATITIS,UTTARAKHAND,248013
AIMAN,32,M,1662,A+,SIKH,223759,SWINE FLU,ANDHRA PRADESH,517619
DHARAM,94,F,1149,B-,MUSLIM,214146,SWINE FLU,ASSAM,788734
DARYN,39,M,1296,O-,SIKH,201227,EBOLA,HARYANA,125050
DIESIL,66,M,1188,B+,CHRISTIAN,216487,CHICKEN POX,JHARKHAND,825315
ANDREJS,19,F,1029,O-,CHRISTIAN,216177,BRAIN TUMOUR,ANDHRA PRADESH,516434
GEOFF,75,F,1833,B+,SIKH,219035,HEART ATTACK,ANDHRA PRADESH,516356
FRANCO,81,M,1099,O-,SIKH,211714,HEART ATTACK,UTTAR PRADESH,273207
EDUARDO,89,M,1042,A-,MUSLIM,231888,CHOLERA,ANDHRA PRADESH,522258
JAYMIE,42,F,1511,B+,HINDU,226756,STROKE,PUNJAB,143511
JON-PAUL,28,F,1775,B+,SIKH,214821,DIABETES,PUNJAB,142050
SEAMUS,16,F,1497,B-,HINDU,214419,MEASLES,ANDHRA PRADESH,515408
KADYN,73,F,1987,O-,MUSLIM,232716,ARTHRITIS,KERALA,680007
ABUBAKAR,28,F,1100,B-,SIKH,223486,BRAIN TUMOUR,HARYANA,136117
SHERWYN,22,M,1114,O-,CHRISTIAN,217868,MALARIA,ANDHRA PRADESH,521402
FINNEAN,46,F,1132,A+,HINDU,223767,HEART ATTACK,BIHAR,803111
ALFIE,44,M,1187,O+,CHRISTIAN,222999,MALARIA,ANDHRA PRADESH,533428
DOUGRAY,64,F,1181,AB+,SIKH,232279,HEPATITIS,ANDHRA PRADESH,533407
DARN,31,M,1799,AB+,SIKH,207737,ASTHMA,UTTAR PRADESH,262802
SOHAIL,34,F,1819,AB+,CHRISTIAN,201804,TYPHOID,UTTAR PRADESH,273155
SAMAR,53,M,1251,O-,MUSLIM,221662,TYPHOID,HIMACHAL PRADESH,177213
FAHAD,35,M,1381,B-,MUSLIM,204496,AIDS,HARYANA,136043
GIACOMO,57,M,1368,O+,SIKH,200788,STROKE,ANDHRA PRADESH,534195
RAJA,49,F,1303,O+,CHRISTIAN,201501,INFLUENZA,ASSAM,788001
ANNAN,63,M,1325,AB-,SIKH,206070,ARTHRITIS,ANDHRA PRADESH,533221
SHERIFF,30,F,1902,O+,HINDU,211868,DIABETES,ANDHRA PRADESH,533352
WEI,80,M,1594,AB+,SIKH,206953,TYPHOID,ANDHRA PRADESH,518502
JAE,53,F,1404,B-,SIKH,216479,CHOLERA,ANDHRA PRADESH,523169
CORI,21,M,1614,O+,CHRISTIAN,203484,SMALL POX,TAMIL NADU,635105
COBIE,83,M,1750,B+,SIKH,219557,CHICKEN POX,ASSAM,787060
TATE,48,F,1473,B+,CHRISTIAN,207655,ARTHRITIS,ANDHRA PRADESH,523368
JAYDEN-THOMAS,44,F,1123,B+,HINDU,217282,EBOLA,PUNJAB,144105
SHERIFF,82,M,1172,AB-,SIKH,229480,DENGUE,KERALA,676503
JAI-RAJARAM,23,F,1946,A-,MUSLIM,218786,AIDS,KERALA,680617
AMMER,60,F,1530,AB+,HINDU,220236,MALARIA,ASSAM,785667
ARAFAT,83,F,1246,A+,MUSLIM,222797,ARTHRITIS,ANDHRA PRADESH,532406
ZE,43,F,1962,O-,MUSLIM,201978,HEART ATTACK,HARYANA,135003
ZHUO,69,M,1619,A-,SIKH,210789,TETANUS,ARUNACHAL PRADESH,791101
TORIN,59,M,1104,AB-,MUSLIM,213489,BRAIN TUMOUR,HIMACHAL PRADESH,176314
ALDRED,36,M,1429,O+,HINDU,204279,ARTHRITIS,JHARKHAND,825108
ROGAN,75,M,1265,O+,HINDU,211929,MEASLES,HIMACHAL PRADESH,174101
THOM,81,M,1656,O+,CHRISTIAN,210239,HEART ATTACK,ANDHRA PRADESH,533436
SHAYAN,69,F,1585,A+,HINDU,201209,RABIES,ANDHRA PRADESH,521149
SEBASTIAN,76,F,1288,AB-,SIKH,201230,SMALL POX,ANDHRA PRADESH,535220
JAIDA,63,F,1240,O-,SIKH,230446,ARTHRITIS,HARYANA,125033
FRED,44,F,1435,AB+,CHRISTIAN,223206,SWINE FLU,KARNATAKA,571105
DOMINICK,78,M,1851,O-,SIKH,217576,MEASLES,HIMACHAL PRADESH,177204
SAIM,65,F,1557,A-,MUSLIM,226955,MALARIA,BIHAR,811317
JORDON,66,F,1278,A-,MUSLIM,202664,JAUNDICE,HARYANA,126111
ALASTAIR,87,F,1568,B+,MUSLIM,200773,RABIES,HIMACHAL PRADESH,176047
ANESU,33,M,1835,A+,CHRISTIAN,211905,SWINE FLU,HARYANA,126102
FARREN,83,M,1299,A+,HINDU,222816,CANCER,ANDHRA PRADESH,534341
SUHEYB,42,F,1910,B+,HINDU,225465,ASTHMA,KERALA,689691
SAHBIAN,74,M,1666,AB-,MUSLIM,223905,CHICKEN POX,ASSAM,784507
EDDIE,80,M,1829,O-,MUSLIM,218875,ARTHRITIS,KERALA,680596
THOMAS,66,M,1159,B+,CHRISTIAN,202065,MALARIA,ASSAM,786602
JEAN-LEWIS,68,F,1371,B+,HINDU,224747,HEART ATTACK,PUNJAB,144204
ZACHARIYA,54,M,1183,O+,HINDU,200795,STROKE,ANDHRA PRADESH,521213
ADEN,73,F,1481,AB-,SIKH,217763,EBOLA,ANDHRA PRADESH,515787
RONIN,63,M,1630,B+,SIKH,214171,MALARIA,ANDHRA PRADESH,535128
ESHAN,44,F,1182,A+,CHRISTIAN,230572,TYPHOID,BIHAR,803120
TITUS,24,M,1798,A-,HINDU,202586,JAUNDICE,UTTAR PRADESH,261502
ZACHARIAH,60,M,1685,A-,CHRISTIAN,202622,HYPERTENSION,ANDHRA PRADESH,522017
ERENCEM,86,M,1499,A-,CHRISTIAN,219052,JAUNDICE,HARYANA,132054
ALLEN,64,F,1165,B-,MUSLIM,211681,CANCER,UTTAR PRADESH,209825
RICARDS,65,F,1822,AB-,CHRISTIAN,225874,CHICKEN POX,KERALA,670102
DRE,43,M,1695,A-,CHRISTIAN,223296,CHICKEN POX,ANDHRA PRADESH,532421
KABEER,76,F,1587,B+,MUSLIM,220340,DENGUE,PUNJAB,142037
TARIQ-JAY,70,F,1805,AB+,CHRISTIAN,208304,JAUNDICE,ANDHRA PRADESH,524142
CONNOLLY,19,F,1906,A+,HINDU,220486,RABIES,KERALA,691541
DARRIUS,82,F,1861,A+,MUSLIM,220363,ARTHRITIS,HIMACHAL PRADESH,177026
EOGHAN,68,F,1158,AB+,HINDU,217437,INFLUENZA,ASSAM,784508
ZHUO,29,F,1042,AB-,MUSLIM,228394,SWINE FLU,HIMACHAL PRADESH,176063
EDIOMI,77,F,1427,O-,SIKH,216427,DIARRHEA,HIMACHAL PRADESH,176027
JORDON,41,F,1519,O+,MUSLIM,215346,CHOLERA,ANDHRA PRADESH,534275
DANIEL-JAMES,39,M,1536,AB-,SIKH,219291,INFLUENZA,ANDHRA PRADESH,523108
AMIR,17,M,1116,AB+,SIKH,221562,MEASLES,ANDHRA PRADESH,523356
RUSLAN,58,F,1686,B+,MUSLIM,205821,EBOLA,MAHARASHTRA,416713
VEERAN,39,M,1028,A+,MUSLIM,232091,DIARRHEA,ANDHRA PRADESH,524302
ZHI,52,F,1359,AB+,MUSLIM,214066,DIABETES,ANDHRA PRADESH,521324
ALESSANDRO,50,M,1550,O-,CHRISTIAN,217640,SMALL POX,ANDHRA PRADESH,522265
ALPHONSE,53,M,1839,A-,SIKH,228599,HYPERTENSION,HIMACHAL PRADESH,174303
EZEKIEL,72,M,1755,A+,CHRISTIAN,229420,TYPHOID,HIMACHAL PRADESH,173101
JOMUEL,85,M,1238,B+,MUSLIM,212012,INFLUENZA,KERALA,678571
ARIA,85,M,1027,O+,HINDU,220959,EBOLA,ANDHRA PRADESH,524308
GREG,33,M,1445,O+,CHRISTIAN,218801,SMALL POX,UTTAR PRADESH,284121
GRAHAM,49,F,1380,A+,MUSLIM,200637,RABIES,KERALA,686603
AMRO,36,M,1331,A-,HINDU,220275,BRAIN TUMOUR,ARUNACHAL PRADESH,791123
DAVIE,44,M,1433,B+,MUSLIM,218178,EBOLA,ANDHRA PRADESH,522549
SONNEEY,87,M,1414,B-,HINDU,202964,JAUNDICE,HIMACHAL PRADESH,177106
JARRED,18,F,1528,AB-,SIKH,202317,TYPHOID,ANDHRA PRADESH,535270
DAILEY,77,F,1989,AB+,MUSLIM,202560,ARTHRITIS,ANDHRA PRADESH,522402
CORMAK,67,F,1329,O-,MUSLIM,213798,EBOLA,MAHARASHTRA,410302
JIAN,64,M,1789,A+,HINDU,206104,JAUNDICE,JAMMU & KASHMIR,190018
CORMAC,60,F,1189,B-,CHRISTIAN,216255,MALARIA,ANDHRA PRADESH,517520
ROHAAN,69,M,1754,O-,SIKH,220511,DIABETES,ANDHRA PRADESH,534146
CONLEY,91,F,1454,O+,CHRISTIAN,213600,HEPATITIS,WEST BENGAL,723126
SALTER,69,F,1571,AB+,SIKH,207720,CHICKEN POX,UTTAR PRADESH,284402
DARCY,84,M,1037,A+,HINDU,209396,CHICKEN POX,MAHARASHTRA,421505
JEAN-PIERRE,58,M,1231,O+,SIKH,217253,BRAIN TUMOUR,KARNATAKA,571436
REMY,76,M,1037,A-,CHRISTIAN,200632,DIARRHEA,UTTARAKHAND,263652
SHADOW,52,M,1811,AB+,MUSLIM,226940,DIARRHEA,BIHAR,821105
WEI,72,M,1752,B-,CHRISTIAN,209168,MALARIA,PUNJAB,152024
SHIRAZ,59,M,1919,A+,MUSLIM,208985,HYPERTENSION,ANDHRA PRADESH,517589
EHSEN,37,F,1317,B-,HINDU,214565,DIABETES,PUNJAB,151506
FLYN,37,M,1665,A+,MUSLIM,218838,EBOLA,ANDHRA PRADESH,522315
ALPHONSE,17,F,1872,O-,MUSLIM,206125,DENGUE,HIMACHAL PRADESH,173027
TALIESIN,74,M,1720,O+,MUSLIM,208548,TYPHOID,HIMACHAL PRADESH,177110
DILRAJ,55,M,1192,O-,MUSLIM,203570,HYPERTENSION,RAJASTHAN,313201
EFAN,93,M,1428,B-,HINDU,229173,MEASLES,ANDHRA PRADESH,517128
SAYF,56,M,1981,A-,HINDU,226896,CANCER,ANDHRA PRADESH,534208
RUARAIDH,16,M,1068,O+,HINDU,209815,DIARRHEA,ANDHRA PRADESH,534313
JOE,18,F,1450,A+,HINDU,206292,CHICKEN POX,ANDHRA PRADESH,515812
CONLAN,34,M,1587,B+,MUSLIM,204901,STROKE,ANDHRA PRADESH,516464
DEKLAIN-JAIMES,45,M,1489,AB+,MUSLIM,231884,STROKE,ANDHRA PRADESH,515445
GYTIS,33,F,1413,B+,CHRISTIAN,209759,DENGUE,ANDHRA PRADESH,523333
CORI,15,F,1393,O-,MUSLIM,232156,TETANUS,KERALA,691574
ENIOLA,47,M,1909,B-,MUSLIM,202486,MEASLES,BIHAR,821104
DOUGAL,20,M,1701,AB+,CHRISTIAN,230138,DIABETES,HARYANA,125033
WILSON,49,F,1667,AB+,CHRISTIAN,214703,DENGUE,BIHAR,821109
GLENN,15,F,1884,AB+,HINDU,214199,EBOLA,BIHAR,845455
TEYDREN,73,M,1900,AB-,CHRISTIAN,205762,HEART ATTACK,ANDHRA PRADESH,521120
SANAULLAH,66,F,1557,B+,CHRISTIAN,210395,CHICKEN POX,ASSAM,787026
JAYDEN-JAMES,55,F,1369,O+,SIKH,209638,INFLUENZA,ANDHRA PRADESH,521170
DEVLYN,18,F,1184,B-,CHRISTIAN,227160,DENGUE,ANDHRA PRADESH,523211
SHAHMIR,82,F,1724,O+,HINDU,201443,SWINE FLU,ANDHRA PRADESH,535502
XIN,40,F,1201,B+,SIKH,214467,SMALL POX,ANDHRA PRADESH,531040
ABDULKHADER,63,F,1782,B+,HINDU,226429,ASTHMA,KERALA,670650
RAMONE,75,M,1535,A-,SIKH,232495,CANCER,HIMACHAL PRADESH,176073
COREY-JAY,60,F,1167,A+,CHRISTIAN,226979,HEART ATTACK,ANDHRA PRADESH,534206
REIGAN,31,F,1092,B+,HINDU,225746,DIABETES,ANDHRA PRADESH,535522
ANNAN,21,F,1441,O-,SIKH,231904,HEART ATTACK,ANDHRA PRADESH,535281
TYLLOR,83,M,1155,AB-,CHRISTIAN,212689,INFLUENZA,BIHAR,821101
JAMEEL,18,F,1029,O+,HINDU,203722,JAUNDICE,PUNJAB,146024
JEZ,52,F,1025,O+,CHRISTIAN,230109,BRAIN TUMOUR,MAHARASHTRA,421203
GUTHRIE,80,M,1312,A-,CHRISTIAN,219398,CHOLERA,HIMACHAL PRADESH,176111
ALBER,93,M,1363,B-,MUSLIM,204336,MEASLES,ANDHRA PRADESH,522503
RHEO,19,M,1137,A+,CHRISTIAN,220117,DIARRHEA,ANDHRA PRADESH,521002
RYAAN,84,M,1388,A+,CHRISTIAN,213261,CANCER,ANDHRA PRADESH,523157
VALERY,76,M,1442,B-,MUSLIM,210925,HEART ATTACK,UTTAR PRADESH,209202
DAYEM,25,F,1988,O-,CHRISTIAN,215580,INFLUENZA,ANDHRA PRADESH,533294
DONALD,79,M,1318,O-,HINDU,230218,CANCER,ANDHRA PRADESH,523301
REED,74,M,1110,A-,SIKH,217020,HYPERTENSION,PUNJAB,140201
CODI,28,M,1410,O+,CHRISTIAN,220648,CANCER,KERALA,680541
DUGALD,92,F,1451,A-,SIKH,223125,DIABETES,ANDHRA PRADESH,521332
JOHN,54,F,1866,A+,SIKH,209965,EBOLA,ANDHRA PRADESH,517213
CRUIZ,39,M,1948,A-,CHRISTIAN,204167,CHOLERA,UTTAR PRADESH,273407
FODEBA,78,M,1109,A+,MUSLIM,222942,MALARIA,ANDHRA PRADESH,521331
ROWEN,78,M,1441,AB-,CHRISTIAN,225024,CHOLERA,BIHAR,803107
ADENN,77,M,1026,B+,MUSLIM,209034,HYPERTENSION,ANDHRA PRADESH,515455
JAYDEN-LEE,19,M,1073,A-,CHRISTIAN,202810,MEASLES,JHARKHAND,825412
ANSELM,16,M,1751,AB-,CHRISTIAN,205339,HEART ATTACK,WEST BENGAL,712403
ROBBIE,37,M,1127,B+,MUSLIM,214381,TETANUS,ANDHRA PRADESH,515004
UZAYR,52,M,1408,B+,CHRISTIAN,222929,RABIES,SIKKIM,737111
JAYDON,34,F,1537,A-,HINDU,207285,BRAIN TUMOUR,MAHARASHTRA,422605
JAYMIE,51,F,1546,O+,MUSLIM,217591,JAUNDICE,UTTAR PRADESH,262906
STEPHENJUNIOR,17,M,1586,AB+,CHRISTIAN,218972,DENGUE,HARYANA,125052
CIANN,53,F,1610,AB+,MUSLIM,202514,CANCER,ANDHRA PRADESH,518123
SERGIO,42,M,1073,AB-,MUSLIM,228360,RABIES,ANDHRA PRADESH,535557
JACKY,79,M,1448,B-,SIKH,216990,RABIES,ANDHRA PRADESH,532186
EONAN,24,M,1858,A+,MUSLIM,219091,HEPATITIS,JHARKHAND,835235
RIHAB,31,F,1212,B-,MUSLIM,220177,AIDS,PUNJAB,144701
TREY,19,M,1381,O-,SIKH,228954,ARTHRITIS,ANDHRA PRADESH,515571
ALFIE,86,M,1138,B-,CHRISTIAN,230767,MEASLES,TAMIL NADU,602002
ABDUR,69,M,1295,B-,MUSLIM,228284,SWINE FLU,HARYANA,135003
TORRAN,67,M,1336,B+,CHRISTIAN,215454,HEPATITIS,HIMACHAL PRADESH,176318
JOHNSON,30,M,1225,AB-,HINDU,217537,MEASLES,UTTAR PRADESH,209101
JED,75,M,1905,O+,CHRISTIAN,210632,HEART ATTACK,HIMACHAL PRADESH,174101
RICHARD,27,M,1708,AB+,HINDU,223083,STROKE,PUNJAB,143601
TURNER,77,M,1539,AB+,SIKH,216342,HEPATITIS,BIHAR,845107
RAITHIN,42,M,1330,A+,CHRISTIAN,229012,ARTHRITIS,PUNJAB,144208
COBAIN,69,M,1884,O+,MUSLIM,206493,TETANUS,ASSAM,781364
ENIS,47,M,1895,AB+,HINDU,218692,DENGUE,ASSAM,784167
ENG,38,M,1018,A-,HINDU,229795,CHICKEN POX,ANDHRA PRADESH,516434
FRUIN,52,F,1647,AB-,HINDU,217362,ASTHMA,UTTAR PRADESH,285123
HADJI,16,F,1386,AB-,MUSLIM,214940,CANCER,ANDHRA PRADESH,531028
VICTOR,38,F,1048,AB-,HINDU,206130,MALARIA,ANDHRA PRADESH,515751
EIHLI,56,M,1663,O+,MUSLIM,226355,SWINE FLU,DELHI,110058
HADJI,31,M,1492,B-,MUSLIM,222343,HEART ATTACK,ANDHRA PRADESH,534416
EUAN,21,M,1809,AB+,CHRISTIAN,232403,RABIES,BIHAR,821101
RUO,44,F,1010,A+,SIKH,213278,HYPERTENSION,UTTAR PRADESH,273407
RYLAN,51,M,1381,B+,HINDU,217646,TETANUS,TAMIL NADU,631210
JIAO,84,F,1606,AB+,CHRISTIAN,208342,SWINE FLU,JHARKHAND,825401
CONLON,90,F,1207,O+,HINDU,200024,HYPERTENSION,ANDHRA PRADESH,515154
JONOTHAN,86,M,1280,O-,HINDU,208588,CHICKEN POX,HIMACHAL PRADESH,177112
SHEAFAN,79,F,1099,O+,SIKH,208098,SWINE FLU,ANDHRA PRADESH,516349
ARNAV,42,F,1189,O+,CHRISTIAN,218298,HYPERTENSION,HIMACHAL PRADESH,173029
JASIM,43,F,1416,O+,SIKH,214471,TYPHOID,PUNJAB,144804
UILLEAM,24,M,1248,B-,CHRISTIAN,222213,SWINE FLU,ANDHRA PRADESH,515871
JARL,50,F,1839,B-,CHRISTIAN,231547,SMALL POX,HIMACHAL PRADESH,174024
AIDEN,23,M,1221,B-,HINDU,203529,CANCER,KARNATAKA,560011
ESSA,74,F,1888,AB-,SIKH,223840,HYPERTENSION,KERALA,689612
GRAYSON,74,M,1196,AB+,HINDU,211531,ASTHMA,HIMACHAL PRADESH,174001
ZAK,84,F,1538,O+,SIKH,230028,MALARIA,HIMACHAL PRADESH,176303
TAIWO,88,F,1870,B+,CHRISTIAN,211891,AIDS,PUNJAB,144527
ERONI,36,M,1059,A-,HINDU,210002,ASTHMA,KERALA,678508
CONGHAILE,40,F,1000,O-,HINDU,204202,JAUNDICE,HIMACHAL PRADESH,175106
TYLER,64,M,1820,AB+,HINDU,229655,STROKE,ASSAM,788710
SAIFADDINE,32,M,1030,AB+,CHRISTIAN,216811,HYPERTENSION,PUNJAB,144521
TEEJAY,53,F,1537,AB+,HINDU,205890,EBOLA,JHARKHAND,825106
AREF,41,F,1367,B+,MUSLIM,226913,SMALL POX,ANDHRA PRADESH,524408
ANTHONY,92,M,1800,A+,HINDU,221821,STROKE,HIMACHAL PRADESH,175121
GUANG,61,F,1876,B-,CHRISTIAN,231565,DIARRHEA,MAHARASHTRA,442111
DYLLON,94,F,1887,A+,SIKH,208181,HYPERTENSION,ANDHRA PRADESH,532407
DENON,18,M,1178,O+,HINDU,213175,HYPERTENSION,ANDHRA PRADESH,523165
VINH,91,F,1810,O-,MUSLIM,232533,JAUNDICE,HIMACHAL PRADESH,173104
CONLON,48,M,1960,A-,MUSLIM,212512,TYPHOID,MAHARASHTRA,402101
ROBIN,37,M,1499,O-,SIKH,211847,RABIES,ANDHRA PRADESH,523327
AON,58,F,1531,AB-,SIKH,228796,DENGUE,KERALA,670662
SORLEY,18,M,1351,A+,MUSLIM,229661,DIABETES,ANDHRA PRADESH,533463
GRAHAME,60,M,1001,AB+,HINDU,210168,INFLUENZA,ANDHRA PRADESH,522211
ESHAN,92,F,1576,O+,MUSLIM,231323,EBOLA,KERALA,673592
ENG,31,M,1581,AB+,SIKH,228748,TYPHOID,ANDHRA PRADESH,517583
GEORDIE,41,M,1797,B-,MUSLIM,212367,HYPERTENSION,UTTAR PRADESH,271312
AIREN,47,F,1245,B+,SIKH,228761,HYPERTENSION,ANDHRA PRADESH,516321
KADEN,38,M,1322,B-,SIKH,208732,DIABETES,KERALA,678684
DAUMANTAS,74,M,1559,A-,SIKH,201096,RABIES,ANDHRA PRADESH,535270
HARI,35,F,1828,AB-,MUSLIM,215328,SMALL POX,KARNATAKA,571312
RIHONN,33,M,1679,AB+,HINDU,216782,JAUNDICE,UTTAR PRADESH,273409
DARREN,70,M,1994,B-,SIKH,222007,AIDS,NAGALAND,797106
GREIG,48,M,1058,O+,SIKH,223873,INFLUENZA,ANDHRA PRADESH,517641
JOSHUA,81,M,1276,B+,MUSLIM,225777,MALARIA,ANDHRA PRADESH,518166
DANE,26,M,1125,AB+,SIKH,216286,AIDS,ANDHRA PRADESH,524346
JAYDEN,90,M,1438,AB-,SIKH,201462,ASTHMA,PUNJAB,143520
JAMAL,26,M,1352,O+,CHRISTIAN,224970,SWINE FLU,TAMIL NADU,602105
ABHINAV,35,F,1135,B-,HINDU,213025,TYPHOID,ANDHRA PRADESH,535521
WARRICK,72,M,1512,A+,SIKH,224211,MEASLES,ANDHRA PRADESH,524312
JUDE,39,M,1129,B+,SIKH,230123,CANCER,HIMACHAL PRADESH,172023
DAVY,70,F,1687,O-,CHRISTIAN,213331,MALARIA,UTTAR PRADESH,285202
DUSTIN,16,F,1346,A-,HINDU,220232,TETANUS,HIMACHAL PRADESH,176058
JAE,47,F,1417,AB-,CHRISTIAN,215053,DIABETES,ANDHRA PRADESH,517590
JAISE,21,F,1554,A+,SIKH,207239,CHICKEN POX,ASSAM,784176
JAYHAN,46,M,1453,AB+,HINDU,212936,BRAIN TUMOUR,ANDHRA PRADESH,534102
DAYMIAN,39,M,1703,AB+,SIKH,225568,CHICKEN POX,ANDHRA PRADESH,532455
FREDERICK,35,F,1649,AB+,HINDU,232505,STROKE,ANDHRA PRADESH,515641
AIRIDAS,78,M,1411,B+,SIKH,218718,DIARRHEA,ANDHRA PRADESH,533428
CIANN,88,F,1813,B-,HINDU,217222,INFLUENZA,ANDHRA PRADESH,534112
TYREE,22,F,1214,B-,CHRISTIAN,214821,INFLUENZA,KERALA,670673
TRE,35,F,1177,A-,SIKH,213465,EBOLA,PUNJAB,142031
ZEPH,82,M,1223,B+,CHRISTIAN,214024,MEASLES,HARYANA,125121
ARFIN,63,F,1441,O+,HINDU,216368,JAUNDICE,JHARKHAND,835201
JORDY,58,M,1540,A-,CHRISTIAN,210630,DIABETES,BIHAR,843129
JOEDDY,87,F,1963,AB+,HINDU,228552,JAUNDICE,JHARKHAND,825322
DYLAN-JAMES,93,F,1129,A+,HINDU,207580,CHICKEN POX,ANDHRA PRADESH,523260
FINLEY,17,F,1042,B+,HINDU,210989,MALARIA,UTTARAKHAND,262530
RALPH,22,F,1179,O+,SIKH,210426,AIDS,ANDHRA PRADESH,532427
RUARAIDH,93,F,1535,O-,SIKH,227750,AIDS,HARYANA,135133
JOSESE,76,M,1193,A-,SIKH,215816,SMALL POX,ANDHRA PRADESH,532455
ZAKARY,25,F,1669,AB-,MUSLIM,202633,DIARRHEA,PUNJAB,142052
CONNAL,25,F,1611,O-,HINDU,227395,JAUNDICE,HIMACHAL PRADESH,177033
FRAZER,79,M,1625,A+,HINDU,219635,HEART ATTACK,ASSAM,788113
TALHA,77,M,1418,A+,HINDU,221788,STROKE,KERALA,686606
VUYOLWETHU,47,F,1239,B+,CHRISTIAN,207244,HEART ATTACK,HARYANA,121103
SIDHARTH,26,F,1632,O-,MUSLIM,214716,RABIES,UTTAR PRADESH,284406
VINAY,25,M,1865,AB-,HINDU,206601,DIABETES,ANDHRA PRADESH,522412
ALED,70,F,1473,AB+,SIKH,206990,DIABETES,DELHI,110062
DAVY,94,F,1844,B+,SIKH,225367,MEASLES,ANDHRA PRADESH,531162
SHREYAS,38,F,1157,A-,HINDU,200071,STROKE,ANDHRA PRADESH,515401
AMGAD,24,M,1708,A-,MUSLIM,213353,DIARRHEA,BIHAR,843112
EWAN,56,F,1559,O+,HINDU,218569,CHICKEN POX,UTTAR PRADESH,285127
THOMAS-JAY,38,M,1947,O-,HINDU,223489,ASTHMA,DELHI,110034
JERRY,61,M,1857,AB+,CHRISTIAN,202585,MEASLES,UTTAR PRADESH,273306
JURA,38,F,1963,O+,MUSLIM,214311,CHOLERA,ANDHRA PRADESH,533213
DARREN,84,F,1266,A-,MUSLIM,231687,CANCER,ANDHRA PRADESH,532407
FINLEY,33,M,1029,B-,MUSLIM,226639,ARTHRITIS,HIMACHAL PRADESH,175106
RIHONN,40,F,1496,B+,HINDU,211999,JAUNDICE,PUNJAB,144009
COLUM,20,F,1793,O+,MUSLIM,216431,TYPHOID,ANDHRA PRADESH,533284
AMOLPREET,61,F,1232,AB-,HINDU,219685,STROKE,HARYANA,125111
ALED,27,M,1111,A+,SIKH,219973,SWINE FLU,PUNJAB,143504
ZAINE,31,M,1596,B+,SIKH,226269,ASTHMA,ANDHRA PRADESH,533287
RANA,39,M,1330,AB-,CHRISTIAN,202438,INFLUENZA,GUJARAT,393151
DAOOD,63,F,1532,A-,CHRISTIAN,214518,JAUNDICE,ANDHRA PRADESH,523336
ELYAN,28,M,1580,B-,SIKH,216420,TYPHOID,HIMACHAL PRADESH,175023
DARRACH,25,F,1461,A-,CHRISTIAN,209033,STROKE,MAHARASHTRA,413716
FILIP,40,M,1922,O+,HINDU,208474,TETANUS,ANDHRA PRADESH,521332
ZIYAAN,32,F,1237,O-,CHRISTIAN,202007,HYPERTENSION,UTTAR PRADESH,209205
JADON,89,F,1688,A+,SIKH,229189,RABIES,HIMACHAL PRADESH,171220
JUSTINAS,68,F,1277,AB+,MUSLIM,203789,SWINE FLU,UTTAR PRADESH,284406
COBY,54,F,1082,B-,HINDU,212352,TETANUS,JHARKHAND,835213
JAYDEN-THOMAS,69,M,1652,O-,CHRISTIAN,210294,BRAIN TUMOUR,ANDHRA PRADESH,524223
ESSA,27,F,1338,B+,SIKH,227589,JAUNDICE,PUNJAB,143501
CIARAN,39,F,1160,AB-,CHRISTIAN,220169,DIARRHEA,PUNJAB,144210
FERGAL,61,F,1857,O-,CHRISTIAN,213004,JAUNDICE,KARNATAKA,580020
TEIGHEN,39,F,1406,O-,HINDU,213513,INFLUENZA,ANDHRA PRADESH,516361
TAIWO,63,F,1728,B-,HINDU,207141,DIABETES,ANDHRA PRADESH,533428
ANNAN,53,F,1395,O-,MUSLIM,225927,DIARRHEA,ANDHRA PRADESH,524239
ROB,44,M,1889,A-,MUSLIM,224208,MEASLES,ANDHRA PRADESH,515331
SIDDHARTH,54,F,1570,A-,MUSLIM,228174,ASTHMA,KERALA,695303
RUFUS,47,M,1288,AB-,MUSLIM,225207,TYPHOID,ANDHRA PRADESH,531219
RUAIDHRI,19,F,1988,A+,SIKH,229616,ARTHRITIS,ANDHRA PRADESH,535160
SPONDON,83,M,1073,AB+,HINDU,204624,DIARRHEA,ANDHRA PRADESH,518135
AMRIT,46,M,1980,A-,SIKH,212712,EBOLA,ANDHRA PRADESH,534239
KADIN,47,F,1781,O-,SIKH,232503,EBOLA,ANDHRA PRADESH,517561
KAEDEN,77,M,1841,B+,MUSLIM,201730,MEASLES,ANDHRA PRADESH,521003
SAYEED,90,F,1074,B-,HINDU,204586,INFLUENZA,ANDHRA PRADESH,515408
REILLY,56,F,1490,O+,SIKH,229163,CHOLERA,KERALA,690504
GENE,60,M,1488,B-,MUSLIM,200625,ASTHMA,RAJASTHAN,313706
TAYYAB,21,M,1124,B+,MUSLIM,204151,SMALL POX,ANDHRA PRADESH,535145
UBAID,89,M,1365,AB+,HINDU,215495,DIABETES,PUNJAB,143411
ROBBIE-LEE,36,F,1549,A-,MUSLIM,223701,EBOLA,ANDHRA PRADESH,522113
SEAN-JAMES,65,M,1328,AB-,CHRISTIAN,218217,ARTHRITIS,ANDHRA PRADESH,522235
JORDY,93,F,1870,AB-,SIKH,222385,HEART ATTACK,ANDHRA PRADESH,535521
HADJI,36,M,1748,B+,CHRISTIAN,203881,TETANUS,ASSAM,784027
AIREN,68,M,1140,O+,CHRISTIAN,224237,SMALL POX,ANDHRA PRADESH,515211
EOGHAN,27,M,1540,B+,HINDU,214837,DIARRHEA,ANDHRA PRADESH,524316
RAMIT,71,F,1810,B+,MUSLIM,229911,SWINE FLU,ANDHRA PRADESH,521003
CODI,38,M,1334,A+,MUSLIM,220555,ARTHRITIS,HIMACHAL PRADESH,176061
ARON,27,F,1860,AB+,SIKH,208465,CHOLERA,ANDHRA PRADESH,535250
SUKHI,46,F,1687,B-,MUSLIM,228290,HEPATITIS,ANDHRA PRADESH,523241
ALASTAIR,57,F,1317,O+,CHRISTIAN,202032,JAUNDICE,ANDHRA PRADESH,524228
ANMOLPREET,65,F,1328,AB+,CHRISTIAN,217726,ARTHRITIS,ANDHRA PRADESH,532168
JOSAN,72,M,1731,B+,SIKH,209401,JAUNDICE,ANDHRA PRADESH,535521
EFE,57,M,1549,A-,MUSLIM,210119,BRAIN TUMOUR,HARYANA,125102
ZAMAAR,53,M,1652,O+,MUSLIM,222946,ASTHMA,ODISHA,767028
AMIR,35,F,1961,AB+,HINDU,218425,HYPERTENSION,ANDHRA PRADESH,535591
AREEZ,60,M,1335,A+,CHRISTIAN,220683,RABIES,KERALA,691522
ERNIE-JACKS,38,F,1100,AB-,HINDU,223728,HYPERTENSION,ANDHRA PRADESH,535183
AMRO,73,M,1670,A+,SIKH,223973,SMALL POX,NAGALAND,798627
ZAIN,76,F,1942,AB+,SIKH,212095,HEPATITIS,ANDHRA PRADESH,515004
HABEEB,83,F,1577,B-,CHRISTIAN,222580,RABIES,ANDHRA PRADESH,530047
DARREN,86,M,1021,O+,HINDU,210772,ASTHMA,HIMACHAL PRADESH,171005
ZI,20,M,1866,A-,SIKH,211331,STROKE,UTTAR PRADESH,271309
AEDIN,47,M,1670,O+,HINDU,212658,SWINE FLU,ANDHRA PRADESH,534111
GIDEON,49,M,1375,O-,HINDU,214062,AIDS,HIMACHAL PRADESH,176401
RAYMOND,43,M,1292,B-,MUSLIM,231645,CANCER,ASSAM,786007
CLARKE,89,F,1867,O+,MUSLIM,229958,AIDS,ANDHRA PRADESH,534111
RHUAIRIDH,70,M,1992,A+,MUSLIM,222136,AIDS,ANDHRA PRADESH,517536
JOEY,59,F,1010,AB+,HINDU,206464,ARTHRITIS,PUNJAB,144802
RICHEY,70,M,1941,AB-,SIKH,211652,MEASLES,HIMACHAL PRADESH,175141
DAIMHIN,39,F,1922,B-,CHRISTIAN,217508,BRAIN TUMOUR,KERALA,689597
HAIDEN,89,M,1635,O+,MUSLIM,231219,TYPHOID,ANDHRA PRADESH,517213
JAYDAN,73,M,1915,A-,HINDU,200575,DIARRHEA,HARYANA,133104
SANDY,68,F,1361,A+,HINDU,227880,CANCER,WEST BENGAL,712246
RAEES,89,F,1492,AB+,SIKH,216054,DIARRHEA,HIMACHAL PRADESH,171011
JAKOB,33,F,1357,B+,SIKH,225727,CHOLERA,ANDHRA PRADESH,532263
FRUIN,26,F,1029,B+,MUSLIM,220599,JAUNDICE,MAHARASHTRA,415727
ARIA,67,F,1472,B+,SIKH,213034,CANCER,KARNATAKA,585443
SAMARJIT,43,M,1980,AB-,MUSLIM,217205,HEART ATTACK,BIHAR,844127
PRESTON,90,F,1639,A-,CHRISTIAN,229051,HEART ATTACK,ANDHRA PRADESH,521163
GREGOR,40,M,1774,A+,SIKH,227982,DIABETES,ANDHRA PRADESH,517429
RYLEIGH,58,M,1616,AB+,SIKH,227151,HEPATITIS,MAHARASHTRA,431703
RYLIE,30,M,1907,AB+,HINDU,214098,HEART ATTACK,MAHARASHTRA,415526
EDISON,38,F,1847,AB+,HINDU,214206,EBOLA,HARYANA,136034
SULAYMAN,61,M,1734,A-,SIKH,225473,ARTHRITIS,PUNJAB,151505
THEODORE,25,M,1614,A+,CHRISTIAN,217922,HYPERTENSION,KARNATAKA,585401
DEON,93,M,1118,A-,HINDU,230896,EBOLA,MAHARASHTRA,401107
JAY-JAY,25,F,1663,B+,HINDU,205974,TYPHOID,HIMACHAL PRADESH,173204
AON,69,M,1932,B-,HINDU,201537,HEPATITIS,TAMIL NADU,635104
GUY,30,M,1036,B+,CHRISTIAN,226352,INFLUENZA,KERALA,689662
DEVIN,79,F,1800,O-,HINDU,214020,STROKE,MAHARASHTRA,415626
RAPHAEL,49,M,1366,O-,SIKH,202171,TYPHOID,KERALA,678544
SHERGO,68,M,1078,B-,HINDU,213298,RABIES,ANDHRA PRADESH,521326
EHSAN,57,F,1171,B+,CHRISTIAN,216166,INFLUENZA,BIHAR,821109
FERGIE,79,M,1033,B-,CHRISTIAN,225739,JAUNDICE,NAGALAND,798614
EIHLI,68,M,1013,O+,MUSLIM,217780,TETANUS,ANDHRA PRADESH,516464
GRIFFIN,58,M,1617,AB-,CHRISTIAN,225311,HEART ATTACK,GUJARAT,364240
ANTONYO,81,F,1529,A+,MUSLIM,206051,HEPATITIS,MAHARASHTRA,412409
RAFFERTY,41,F,1742,AB-,MUSLIM,202599,STROKE,ANDHRA PRADESH,535573
AINSLIE,80,M,1324,AB-,HINDU,216983,DIARRHEA,BIHAR,801302
DION,53,M,1649,B+,CHRISTIAN,210233,BRAIN TUMOUR,UTTAR PRADESH,209306
FAYSAL,55,F,1829,O+,MUSLIM,202800,HEPATITIS,JHARKHAND,825322
GEORDIE,38,F,1690,AB+,HINDU,217265,STROKE,UTTARAKHAND,246174
ALHAJI,94,F,1860,AB+,MUSLIM,225575,AIDS,ANDHRA PRADESH,531162
JUN,87,F,1235,AB-,MUSLIM,221910,STROKE,MAHARASHTRA,411002
JEAN,42,M,1210,O+,CHRISTIAN,219514,SMALL POX,ANDHRA PRADESH,522508
SANJAY,44,M,1228,AB+,HINDU,211858,SWINE FLU,BIHAR,843112
STEFAN,39,F,1150,AB+,SIKH,212337,CANCER,ANDHRA PRADESH,516001
TIERAN,40,F,1847,AB-,CHRISTIAN,232692,DENGUE,ANDHRA PRADESH,517351
ABUBAKAR,28,F,1481,B-,HINDU,205289,CANCER,ANDHRA PRADESH,532425
RICCARDO,47,F,1754,O-,SIKH,225800,EBOLA,DELHI,110025
ANUBHAV,59,F,1957,O-,HINDU,230595,SMALL POX,HIMACHAL PRADESH,176098
DARL,46,F,1642,A+,SIKH,207231,EBOLA,ANDHRA PRADESH,522124
ALIEU,20,M,1227,O+,CHRISTIAN,227994,SMALL POX,UTTAR PRADESH,262804
RUI,27,M,1893,O-,HINDU,221878,RABIES,MAHARASHTRA,413713
JAISE,15,M,1977,AB+,SIKH,215739,CHOLERA,KERALA,691601
DAMIAN,76,F,1700,AB-,CHRISTIAN,225422,STROKE,WEST BENGAL,723128
QIRUI,85,F,1335,O+,SIKH,212326,HEART ATTACK,ANDHRA PRADESH,522309
SALTER,69,M,1823,A+,SIKH,224487,AIDS,ANDHRA PRADESH,521311
ARMAN,21,M,1213,O+,SIKH,214040,ASTHMA,UTTAR PRADESH,284403
JAZIB,72,F,1279,O+,CHRISTIAN,205621,CHICKEN POX,ANDHRA PRADESH,524003
TALON,30,M,1927,B+,MUSLIM,212270,TYPHOID,PUNJAB,143305
IVAR,31,F,1441,O+,CHRISTIAN,216916,AIDS,ANDHRA PRADESH,534266
COLT,82,M,1339,A-,SIKH,208596,DIARRHEA,JHARKHAND,828205
FELIX,65,F,1625,O+,HINDU,220431,JAUNDICE,ANDHRA PRADESH,515311
ZISHAN,33,F,1657,AB+,SIKH,211579,DIARRHEA,KERALA,678631
GEOMER,60,F,1352,O+,CHRISTIAN,209547,ARTHRITIS,ANDHRA PRADESH,521133
ROBBIE-LEE,59,F,1901,AB-,SIKH,222211,CANCER,HIMACHAL PRADESH,177031
RICKY,80,M,1394,AB-,SIKH,214462,TETANUS,PUNJAB,143101
ROBERT,89,M,1412,O-,SIKH,217774,MEASLES,ANDHRA PRADESH,522437
WYLIE,85,M,1890,B+,CHRISTIAN,228031,CHICKEN POX,ANDHRA PRADESH,532220
RUBEN,64,F,1205,A-,HINDU,223895,TETANUS,ANDHRA PRADESH,516321
JADYN,60,F,1433,O-,HINDU,203676,TETANUS,ANDHRA PRADESH,531060
DANE,23,F,1080,A-,CHRISTIAN,230868,HEPATITIS,ANDHRA PRADESH,524317
PRITHVI,74,M,1157,O-,MUSLIM,203890,SWINE FLU,HARYANA,132037
JAIME,61,M,1976,B-,HINDU,224828,ARTHRITIS,ANDHRA PRADESH,532290
DHAVID,51,M,1763,B+,HINDU,203464,CHOLERA,ANDHRA PRADESH,516454
CONLON,61,M,1818,O-,SIKH,228541,JAUNDICE,WEST BENGAL,723121
ELLISANDRO,60,F,1160,A+,SIKH,218040,RABIES,TAMIL NADU,631210
RAMIT,78,F,1488,A+,HINDU,223600,EBOLA,ANDHRA PRADESH,521190
TORIN,23,M,1588,A+,MUSLIM,216878,MALARIA,ANDHRA PRADESH,535183
FYFE,30,F,1231,O+,SIKH,213713,ASTHMA,ANDHRA PRADESH,522259
RYDER,57,M,1613,AB+,MUSLIM,201020,SWINE FLU,JHARKHAND,825103
JAY,82,F,1624,A-,CHRISTIAN,202136,DIARRHEA,KERALA,679586
CONLIN,54,F,1250,A+,SIKH,203274,BRAIN TUMOUR,HIMACHAL PRADESH,172110
KABIR,20,M,1608,AB+,SIKH,229968,DENGUE,KARNATAKA,581209
SHENUK,72,F,1205,O+,SIKH,210238,INFLUENZA,ARUNACHAL PRADESH,791001
JUSTAN,17,F,1957,O+,SIKH,218456,DENGUE,ANDHRA PRADESH,535161
RICHEY,30,F,1943,B+,MUSLIM,223592,DENGUE,ANDHRA PRADESH,515765
ANSELM,83,F,1998,AB+,HINDU,231732,SMALL POX,MAHARASHTRA,415706
GURVEER,38,M,1189,AB+,HINDU,207965,SWINE FLU,ANDHRA PRADESH,532218
DARIEN,66,M,1538,A+,CHRISTIAN,214994,CANCER,ASSAM,783380
JAYDYN,16,F,1878,O+,MUSLIM,210020,ARTHRITIS,JHARKHAND,825403
CILLIAN,29,M,1502,B+,SIKH,219882,DENGUE,ANDHRA PRADESH,523273
ELLIOTT,17,M,1098,A-,SIKH,205443,TETANUS,NAGALAND,797103
DEVIN,24,M,1867,A-,MUSLIM,215127,JAUNDICE,ANDHRA PRADESH,522202
SCOTT,67,M,1041,A+,HINDU,202164,ARTHRITIS,ANDHRA PRADESH,523331
DILAN,87,M,1120,A-,SIKH,212084,HYPERTENSION,BIHAR,803114
ALF,69,M,1920,B-,HINDU,209341,EBOLA,KERALA,670643
SHERWYN,28,F,1974,B-,HINDU,216295,CANCER,ANDHRA PRADESH,515812
TANE,43,F,1050,B+,SIKH,226169,BRAIN TUMOUR,PUNJAB,143118
COBIE,59,M,1268,AB-,HINDU,230798,MALARIA,SIKKIM,737116
TADHG,84,M,1280,A-,HINDU,231150,DIARRHEA,ANDHRA PRADESH,523212
JOHNJAY,47,M,1677,AB-,MUSLIM,201589,INFLUENZA,JHARKHAND,828204
DYLLON,90,M,1120,B-,SIKH,211385,DIABETES,ANDHRA PRADESH,523333
VALO,94,F,1645,B+,SIKH,208116,SMALL POX,HIMACHAL PRADESH,177112
JONAH,27,M,1673,B-,SIKH,210788,SWINE FLU,ANDHRA PRADESH,521366
DAMIAN,32,F,1672,A+,MUSLIM,220663,HYPERTENSION,ANDHRA PRADESH,535003
REMIGIUSZ,87,M,1179,A+,SIKH,216895,CHICKEN POX,ANDHRA PRADESH,523271
RALPH,20,F,1538,O+,HINDU,212433,HEPATITIS,WEST BENGAL,723121
DERRIN,81,M,1679,O+,MUSLIM,222746,SMALL POX,PUNJAB,144305
AREEZ,45,F,1561,A+,CHRISTIAN,219924,ARTHRITIS,PUNJAB,142050
AIDEN-VEE,46,F,1674,A-,MUSLIM,209420,HYPERTENSION,PUNJAB,142050
CONLLY,81,M,1177,A+,MUSLIM,216834,HEPATITIS,ANDHRA PRADESH,524203
GUSTAV,50,F,1195,AB-,CHRISTIAN,219340,CANCER,KARNATAKA,591156
COBAN,54,F,1497,AB-,SIKH,205230,AIDS,NAGALAND,797116
ELSHAN,71,F,1732,AB-,CHRISTIAN,205462,STROKE,WEST BENGAL,721659
SZYMON,50,M,1557,AB+,SIKH,217479,MALARIA,ODISHA,761114
JOHANN,44,M,1619,B+,HINDU,212250,ASTHMA,KERALA,689597
DECLYAN,71,M,1323,O-,CHRISTIAN,213426,HEART ATTACK,ANDHRA PRADESH,532462
ZAYD,42,F,1205,AB+,MUSLIM,205874,CANCER,BIHAR,803116
GHYLL,93,M,1987,AB+,CHRISTIAN,217460,INFLUENZA,HARYANA,132102
JAIDEN,24,M,1106,B-,MUSLIM,217667,DIARRHEA,BIHAR,845101
D'ARCY,70,F,1014,O+,SIKH,218747,SMALL POX,UTTAR PRADESH,262901
SALMAN,50,F,1514,O+,MUSLIM,202031,ARTHRITIS,PUNJAB,144805
JOSHUA,37,F,1433,AB-,CHRISTIAN,230600,TYPHOID,HIMACHAL PRADESH,173101
ANSELM,93,F,1282,B-,CHRISTIAN,209458,ARTHRITIS,MAHARASHTRA,412307
RHOLMARK,58,F,1560,O-,MUSLIM,224028,CHICKEN POX,ANDHRA PRADESH,533262
CREAG,49,F,1888,O-,HINDU,228791,BRAIN TUMOUR,TAMIL NADU,635107
SHAHMIR,18,M,1295,AB-,MUSLIM,201661,CANCER,ANDHRA PRADESH,517620
ESSA,65,F,1456,A+,CHRISTIAN,213640,EBOLA,ANDHRA PRADESH,522112
SEBASTIEN,46,M,1695,O+,SIKH,202382,TETANUS,ANDHRA PRADESH,523304
FABIAN,19,F,1049,AB+,SIKH,221370,DIABETES,ANDHRA PRADESH,534475
SUKHVIR,79,M,1066,O+,CHRISTIAN,227883,RABIES,ANDHRA PRADESH,523225
REGGIE,64,M,1655,O+,CHRISTIAN,202043,DIABETES,HIMACHAL PRADESH,176059
EASTON,69,F,1307,A+,HINDU,216853,DIARRHEA,ANDHRA PRADESH,535463
CONNALL,22,F,1279,A+,MUSLIM,231884,MEASLES,UTTAR PRADESH,261506
RICO,52,M,1037,O-,HINDU,206775,HEART ATTACK,HIMACHAL PRADESH,175032
RAYDEN,48,F,1361,O+,CHRISTIAN,200556,HEPATITIS,ANDHRA PRADESH,523327
ADDISSON,31,M,1546,AB-,MUSLIM,202624,CHOLERA,ANDHRA PRADESH,535218
SULAYMAN,42,M,1749,B-,SIKH,227934,INFLUENZA,HARYANA,132054
JEAN-LEWIS,39,M,1593,B+,HINDU,228145,DIARRHEA,KERALA,673573
COREY-JAMES,21,F,1954,A-,HINDU,231858,HEART ATTACK,ANDHRA PRADESH,533435
JARELL,76,F,1627,B-,HINDU,219514,HYPERTENSION,PUNJAB,143408
JONNY,85,F,1499,AB-,MUSLIM,229423,HYPERTENSION,ANDHRA PRADESH,533262
GIAN,77,M,1495,AB-,CHRISTIAN,230807,SWINE FLU,BIHAR,821106
DEREK,82,M,1374,AB-,MUSLIM,216338,ASTHMA,ASSAM,784161
SHEAFAN,80,F,1806,O-,SIKH,213662,HYPERTENSION,ASSAM,784167
FAIZAAN,41,F,1345,O+,CHRISTIAN,232640,AIDS,ANDHRA PRADESH,522649
TEODOR,70,F,1749,A-,SIKH,230895,HEPATITIS,PUNJAB,146103
ALVERN,64,M,1381,B+,HINDU,211080,DIARRHEA,ANDHRA PRADESH,533262
JAYDAN,71,F,1211,A+,SIKH,222790,SWINE FLU,ANDHRA PRADESH,524319
SORLEY,56,F,1271,A+,SIKH,217243,AIDS,HIMACHAL PRADESH,177103
TYLER,42,M,1407,O-,MUSLIM,229472,HYPERTENSION,HARYANA,123024
AHMAD,35,M,1086,B-,CHRISTIAN,215474,CHOLERA,RAJASTHAN,313704
DION,73,F,1769,B+,HINDU,213971,DIABETES,NAGALAND,797004
WYNN,24,F,1163,AB+,CHRISTIAN,221429,SWINE FLU,BIHAR,803116
DEVLIN,45,F,1031,O-,SIKH,202466,INFLUENZA,ANDHRA PRADESH,522316
TALHA,58,M,1585,AB+,HINDU,202762,SWINE FLU,ANDHRA PRADESH,532425
ANDREI,17,M,1856,AB+,CHRISTIAN,214158,EBOLA,ASSAM,784147
ZARRAN,51,F,1460,O+,SIKH,221817,MALARIA,ANDHRA PRADESH,517291
ZHEN,73,F,1871,O-,HINDU,224487,DIABETES,ANDHRA PRADESH,522202
FIONN,71,M,1680,AB-,HINDU,225716,SMALL POX,UTTAR PRADESH,284406
DEVIN,89,M,1674,AB+,MUSLIM,215944,MEASLES,BIHAR,821101
WILKIE,33,M,1206,AB-,SIKH,221433,DIARRHEA,WEST BENGAL,721642
SEB,61,M,1181,A-,HINDU,224439,INFLUENZA,ANDHRA PRADESH,524230
EADIE,31,F,1607,O+,SIKH,206748,MALARIA,PUNJAB,141004
TEYDREN,41,M,1263,O+,MUSLIM,215348,DIARRHEA,ANDHRA PRADESH,522408
AODHAN,57,F,1142,A-,SIKH,226031,STROKE,HARYANA,125102
TJ,49,M,1719,AB+,HINDU,229608,HEPATITIS,ANDHRA PRADESH,522612
AIDY,18,F,1194,AB-,CHRISTIAN,229102,ARTHRITIS,ANDHRA PRADESH,533483
DOLAN,34,M,1720,O-,CHRISTIAN,231509,ASTHMA,UTTAR PRADESH,262724
HARIS,52,F,1319,AB+,HINDU,200015,HEPATITIS,ANDHRA PRADESH,522316
JARNO,29,M,1848,A+,HINDU,223676,SWINE FLU,HIMACHAL PRADESH,175050
DONNACHA,46,M,1464,A+,MUSLIM,207416,EBOLA,JAMMU & KASHMIR,184205
ANTHONY,52,M,1541,AB-,SIKH,223035,HEPATITIS,PUNJAB,148021
RYESE,36,F,1029,AB+,HINDU,226086,SMALL POX,HARYANA,124303
FEZAAN,43,F,1459,A-,SIKH,217896,RABIES,ANDHRA PRADESH,523270
ANDREA,80,F,1413,B-,SIKH,204544,HYPERTENSION,UTTAR PRADESH,284403
ABDULKADIR,39,M,1305,B-,SIKH,219907,JAUNDICE,MAHARASHTRA,413722
WEN,53,M,1233,B+,MUSLIM,210342,HEPATITIS,ANDHRA PRADESH,517297
TYMOTEUSZ,25,M,1494,O+,HINDU,208438,DENGUE,ANDHRA PRADESH,535547
DARACH,76,F,1357,O+,CHRISTIAN,231267,AIDS,HIMACHAL PRADESH,176323
ALEKSANDR,89,M,1589,B-,CHRISTIAN,227596,BRAIN TUMOUR,ASSAM,785001
SHAUGHN,17,F,1893,B-,HINDU,219166,AIDS,WEST BENGAL,723133
ZEN,33,F,1153,AB+,MUSLIM,201269,DENGUE,PUNJAB,142011
RHYS-BERNARD,63,M,1335,B-,HINDU,209868,DIARRHEA,KERALA,680104
DAYEM,85,F,1611,AB+,MUSLIM,205345,CANCER,PUNJAB,151202
SAYEED,89,M,1617,B+,CHRISTIAN,212750,EBOLA,UTTAR PRADESH,273405
DANNIEL,93,F,1713,AB-,HINDU,231699,SMALL POX,ANDHRA PRADESH,535559
ALLEN,18,F,1143,B-,SIKH,216526,DENGUE,ASSAM,783360
EMMANUEL,20,M,1261,A-,MUSLIM,207475,DIARRHEA,KARNATAKA,583131
JESUSEUN,65,M,1558,O-,HINDU,220944,SMALL POX,PUNJAB,140111
ARNOLD,70,M,1863,AB-,HINDU,203788,CHICKEN POX,UTTAR PRADESH,271402
REHAAN,16,F,1400,AB-,SIKH,210876,SMALL POX,ASSAM,784179
FERGAL,87,M,1502,A-,MUSLIM,200057,ARTHRITIS,ANDHRA PRADESH,517582
JORDY,92,F,1458,A-,SIKH,229706,CHICKEN POX,KERALA,691512
AIDAN,61,M,1630,A+,MUSLIM,231475,EBOLA,ANDHRA PRADESH,516004
JAKEY,74,F,1737,B-,CHRISTIAN,209986,AIDS,ANDHRA PRADESH,522647
COEL,84,F,1081,O+,HINDU,212907,TYPHOID,PUNJAB,148101
DANAR,74,F,1980,B-,HINDU,222636,HEPATITIS,BIHAR,843123
DONALD,94,M,1020,O+,MUSLIM,231498,MEASLES,PUNJAB,148018
ENNIS,58,M,1382,AB+,HINDU,200189,CHICKEN POX,BIHAR,843111
ARDAL,79,F,1688,O-,HINDU,204734,INFLUENZA,ANDHRA PRADESH,518112
SEPHIROTH,94,M,1162,O+,MUSLIM,214199,INFLUENZA,MAHARASHTRA,416514
RENARS,48,F,1342,A-,CHRISTIAN,228930,SMALL POX,JHARKHAND,825401
JULIAN,69,F,1769,B+,SIKH,227972,MALARIA,KARNATAKA,591121
DARREL,45,F,1758,AB-,CHRISTIAN,231240,STROKE,HIMACHAL PRADESH,176031
SIDDHARTH,36,M,1896,AB-,CHRISTIAN,221110,MEASLES,GUJARAT,382445
WESLEY,33,F,1058,B+,HINDU,212581,DIARRHEA,HARYANA,132107
RICHEY,22,M,1737,A-,MUSLIM,232616,TYPHOID,ANDHRA PRADESH,532203
ROSS-ANDREW,84,M,1424,B-,SIKH,224628,AIDS,BIHAR,843108
JOCK,81,M,1124,B-,SIKH,230693,CHOLERA,UTTAR PRADESH,262802
SIDDHARTH,17,F,1513,B+,CHRISTIAN,205344,ARTHRITIS,ANDHRA PRADESH,515812
FARHAN,24,M,1954,O-,MUSLIM,230261,HEART ATTACK,BIHAR,843128
AJAY,38,M,1257,B+,MUSLIM,210555,ASTHMA,UTTAR PRADESH,209310
JACQUES,28,M,1326,AB-,HINDU,210021,CANCER,PUNJAB,141109
RASUL,92,F,1147,AB-,CHRISTIAN,215090,CANCER,UTTAR PRADESH,241001
SHERGO,67,F,1295,AB+,SIKH,200388,TETANUS,ANDHRA PRADESH,523274
DAMON,31,F,1564,O-,HINDU,214811,HYPERTENSION,GUJARAT,370665
TEIGHEN,77,M,1092,B-,SIKH,224052,HEART ATTACK,PUNJAB,143108
THORBEN,45,F,1374,B+,MUSLIM,203425,RABIES,ANDHRA PRADESH,535221
AEDYN,59,M,1405,B+,HINDU,206193,AIDS,ANDHRA PRADESH,523305
DEAGAN,44,M,1414,AB-,CHRISTIAN,213526,SMALL POX,ANDHRA PRADESH,534315
SAM,68,F,1950,A+,MUSLIM,224041,TYPHOID,BIHAR,821106
FORGAN,32,M,1776,O-,CHRISTIAN,215126,CHICKEN POX,ANDHRA PRADESH,515731
FINN,36,F,1193,A-,CHRISTIAN,205965,ARTHRITIS,HARYANA,123034
ZAKARIA,46,F,1220,B+,MUSLIM,209921,ARTHRITIS,ANDHRA PRADESH,516321
TIREE,77,F,1861,A+,CHRISTIAN,212391,CHOLERA,ANDHRA PRADESH,523201
FAYSAL,24,M,1836,A+,CHRISTIAN,222947,MEASLES,ANDHRA PRADESH,517520
GRIFFIN,73,F,1723,B-,HINDU,226439,DIARRHEA,ANDHRA PRADESH,531032
CORI,93,F,1361,AB-,CHRISTIAN,219396,RABIES,ASSAM,784180
ISSIAKA,65,F,1035,A+,CHRISTIAN,222365,DENGUE,ANDHRA PRADESH,531030
SHAWNPAUL,65,M,1219,O-,MUSLIM,227445,JAUNDICE,MAHARASHTRA,413505
DIMITRI,45,M,1524,A-,HINDU,210199,EBOLA,NAGALAND,797106
UBAYD,17,F,1004,AB-,CHRISTIAN,200912,MEASLES,UTTARAKHAND,263625
ARLO,15,F,1902,A+,HINDU,221323,CHICKEN POX,ANDHRA PRADESH,534342
ARISTOTELIS,23,F,1988,AB-,MUSLIM,224590,AIDS,MAHARASHTRA,414603
RHEO,18,M,1205,O-,MUSLIM,224859,DENGUE,KERALA,679532
ANIR,78,M,1032,O+,CHRISTIAN,227824,ASTHMA,TAMIL NADU,635104
REXFORD,44,M,1774,A-,MUSLIM,231690,BRAIN TUMOUR,ANDHRA PRADESH,533220
SIDHARTH,56,F,1310,O+,CHRISTIAN,206888,AIDS,UTTAR PRADESH,271401
DAUMANTAS,74,F,1233,AB+,MUSLIM,218457,DIABETES,ANDHRA PRADESH,515408
EESA,79,M,1813,O+,HINDU,212221,RABIES,KARNATAKA,571101
RUARIDH,39,M,1401,A+,HINDU,230599,HEPATITIS,HIMACHAL PRADESH,176001
CONNAL,23,F,1933,O+,CHRISTIAN,213086,DIABETES,HIMACHAL PRADESH,171201
SHAUGHN,76,F,1357,AB+,MUSLIM,204122,TETANUS,HIMACHAL PRADESH,175105
DOUGAL,38,F,1615,B-,HINDU,231369,STROKE,ANDHRA PRADESH,534003
CONAR,50,F,1564,B-,HINDU,223004,HEPATITIS,ANDHRA PRADESH,517102
UMER,34,M,1330,AB+,SIKH,207132,AIDS,ASSAM,783135
DARAGH,41,M,1261,A+,CHRISTIAN,220778,AIDS,ANDHRA PRADESH,517194
YANN,81,F,1868,A+,SIKH,217910,HEPATITIS,KERALA,670102
EVAN,45,F,1851,A-,CHRISTIAN,229313,AIDS,ANDHRA PRADESH,533429
SHREERAM,69,M,1247,O-,SIKH,207374,TYPHOID,UTTAR PRADESH,271861
SALVADOR,30,M,1130,O-,HINDU,224567,SMALL POX,PUNJAB,147021
RIO,80,M,1483,B-,HINDU,215800,HEART ATTACK,KERALA,678506
SHAARVIN,67,F,1907,O-,SIKH,202902,ARTHRITIS,HIMACHAL PRADESH,176323
DYLAN-JACK,15,M,1906,AB+,CHRISTIAN,206849,INFLUENZA,ANDHRA PRADESH,533288
GUANG,58,M,1490,A+,MUSLIM,205029,JAUNDICE,ANDHRA PRADESH,523112
CONNOR,86,M,1850,B+,MUSLIM,210260,DENGUE,JHARKHAND,829118
SAHIL,58,M,1591,A-,HINDU,231620,HYPERTENSION,ANDHRA PRADESH,522426
DHANI,68,F,1864,A+,CHRISTIAN,217207,AIDS,PUNJAB,140501
DAEGAN,51,F,1560,O+,CHRISTIAN,231506,MALARIA,HIMACHAL PRADESH,176125
SHER,93,F,1767,B-,MUSLIM,209894,AIDS,PUNJAB,144418
SAJJAD,39,M,1049,A-,HINDU,214819,SMALL POX,MAHARASHTRA,400055
SURIEN,35,F,1389,O+,CHRISTIAN,224975,TYPHOID,ANDHRA PRADESH,524142
HAMZA,86,M,1148,O-,HINDU,215242,RABIES,HIMACHAL PRADESH,176311
JONATAN,78,F,1362,A+,MUSLIM,207540,MEASLES,ANDHRA PRADESH,532460
GREIG,31,F,1515,B+,MUSLIM,219555,HYPERTENSION,ASSAM,788713
SAHAIB,59,F,1106,AB+,SIKH,217032,ARTHRITIS,HIMACHAL PRADESH,176095
SHAYE,45,M,1421,AB-,CHRISTIAN,201434,ARTHRITIS,ANDHRA PRADESH,532440
COBY,80,F,1482,AB+,CHRISTIAN,228326,AIDS,HARYANA,136034
FYNN,68,M,1534,AB-,SIKH,209563,INFLUENZA,HIMACHAL PRADESH,173208
COREY,73,F,1791,O-,MUSLIM,213316,RABIES,ARUNACHAL PRADESH,792111
ABUBAKAR,85,F,1485,A+,CHRISTIAN,205456,DENGUE,ASSAM,784507
ZECHARIAH,79,M,1871,B+,SIKH,217874,DIARRHEA,ANDHRA PRADESH,531040
SHREERAM,63,M,1033,A-,SIKH,217349,AIDS,HARYANA,124401
DERRYN,35,M,1522,O+,HINDU,224440,CHICKEN POX,ANDHRA PRADESH,522020
COBI,80,M,1829,O+,MUSLIM,225595,HEART ATTACK,ANDHRA PRADESH,516362
SEAN-PAUL,48,F,1895,A+,SIKH,229401,BRAIN TUMOUR,BIHAR,821101
EWAN,25,M,1869,AB+,CHRISTIAN,215888,HEPATITIS,UTTAR PRADESH,273201
COBAIN,75,M,1672,O-,HINDU,230396,MEASLES,ASSAM,785676
YANG,71,F,1762,A-,HINDU,220801,MEASLES,WEST BENGAL,723131
RIYADH,67,M,1979,AB+,SIKH,219438,SMALL POX,ANDHRA PRADESH,518523
WAYNE,80,F,1583,A+,CHRISTIAN,213799,BRAIN TUMOUR,KERALA,678685
DANTE,61,F,1203,O-,MUSLIM,210314,MEASLES,ANDHRA PRADESH,517503
REGEAN,50,F,1854,A-,HINDU,218655,ASTHMA,ANDHRA PRADESH,534198
EMIR,74,M,1772,B-,MUSLIM,228484,TYPHOID,ANDHRA PRADESH,523246
JACKSON,23,F,1207,O+,SIKH,225663,TYPHOID,ANDHRA PRADESH,517561
SUNNY,75,M,1572,A-,CHRISTIAN,207926,CHOLERA,ANDHRA PRADESH,534102
RALFS,44,M,1723,B+,MUSLIM,217014,TETANUS,ANDHRA PRADESH,515767
SAJJAD,88,M,1097,O+,SIKH,213209,HEART ATTACK,HARYANA,136135
HARIKRISHNA,94,M,1176,AB-,MUSLIM,207244,DIARRHEA,JHARKHAND,828142
TOLUWALASE,90,F,1185,B+,CHRISTIAN,218227,ASTHMA,ANDHRA PRADESH,535273
DEON,66,F,1781,O-,HINDU,207387,CHICKEN POX,BIHAR,845307
AMRINDER,44,F,1563,AB+,HINDU,223910,CANCER,ANDHRA PRADESH,535126
SHER,34,M,1503,B-,SIKH,231174,CANCER,ANDHRA PRADESH,516356
RUFUS,61,M,1161,AB+,CHRISTIAN,216361,BRAIN TUMOUR,KERALA,673580
ABDURRAHEEM,27,M,1247,A+,CHRISTIAN,228810,EBOLA,HARYANA,126112
SHAARVIN,63,F,1212,B-,SIKH,201014,CHOLERA,WEST BENGAL,723131
ZAKARY,87,F,1329,AB+,MUSLIM,225274,STROKE,ARUNACHAL PRADESH,792129
CIANN,66,M,1959,B+,SIKH,207757,BRAIN TUMOUR,HIMACHAL PRADESH,176319
RIDWAN,30,F,1144,O+,CHRISTIAN,212322,JAUNDICE,HARYANA,133201
RHIAN,58,M,1060,B-,CHRISTIAN,216905,STROKE,ARUNACHAL PRADESH,791122
ZIJIE,37,F,1319,AB+,SIKH,225209,CHICKEN POX,UTTAR PRADESH,262804
RYLIE,42,F,1565,B-,HINDU,214789,HEART ATTACK,JHARKHAND,835302
DEAGAN,63,M,1934,A+,CHRISTIAN,207516,DENGUE,ANDHRA PRADESH,523357
ANTOINE,77,M,1141,O+,HINDU,222637,DENGUE,ANDHRA PRADESH,517102
ANNDRA,48,F,1876,O+,MUSLIM,216576,DENGUE,MAHARASHTRA,402305
GAVIN,78,F,1458,A+,SIKH,208434,BRAIN TUMOUR,HARYANA,125033
TITI,75,F,1714,AB+,CHRISTIAN,210321,MEASLES,HARYANA,123021
JONSON,29,F,1161,A-,HINDU,219738,HEPATITIS,ANDHRA PRADESH,515405
CUILLIN,43,F,1938,O+,SIKH,210733,HYPERTENSION,ANDHRA PRADESH,533428
ARCHIBALD,15,M,1397,AB+,HINDU,230959,SWINE FLU,ANDHRA PRADESH,517588
TEYDREN,86,F,1717,O+,HINDU,222130,TYPHOID,HARYANA,132107
DENNAN,77,F,1802,O+,MUSLIM,221783,SMALL POX,ANDHRA PRADESH,535183
REMO,46,M,1561,AB-,MUSLIM,226985,STROKE,ANDHRA PRADESH,535527
AILIN,77,M,1827,A-,HINDU,203093,JAUNDICE,ANDHRA PRADESH,517641
ZE,65,M,1962,AB-,MUSLIM,222631,INFLUENZA,PUNJAB,144703
EOGHAN,63,M,1113,AB+,SIKH,211575,CHOLERA,PUNJAB,152026
RYAAN,87,M,1360,O-,MUSLIM,230647,SMALL POX,ANDHRA PRADESH,517172
ALEKSANDAR,92,F,1351,B-,CHRISTIAN,206359,SWINE FLU,ANDHRA PRADESH,524302
SOLOMON,48,M,1717,O+,CHRISTIAN,231063,CHOLERA,ANDHRA PRADESH,522259
COLL,91,M,1417,A-,HINDU,200421,INFLUENZA,KERALA,676552
TOMAS,62,M,1031,AB+,SIKH,207375,DENGUE,ANDHRA PRADESH,518176
JESUSEUN,51,M,1680,O-,MUSLIM,205973,INFLUENZA,ASSAM,788004
TORIN,92,F,1236,A-,MUSLIM,203396,RABIES,HIMACHAL PRADESH,174001
COHAN,17,F,1149,O-,HINDU,232636,AIDS,ANDHRA PRADESH,533450
ELLISANDRO,61,F,1381,A+,MUSLIM,208419,TETANUS,HIMACHAL PRADESH,173027
GLEN,21,F,1889,O-,MUSLIM,200315,EBOLA,ANDHRA PRADESH,522410
AON,86,F,1740,A-,CHRISTIAN,202591,MEASLES,HIMACHAL PRADESH,174015
JAE,43,F,1681,AB+,MUSLIM,211409,AIDS,ANDHRA PRADESH,523304
JOSAN,30,M,1327,B+,CHRISTIAN,221053,TYPHOID,KERALA,689531
RAVIN,69,F,1612,AB+,MUSLIM,209636,CANCER,UTTAR PRADESH,262721
ALIEU,44,M,1110,A-,HINDU,217852,DIARRHEA,ODISHA,761126
COLUM,37,M,1318,A-,SIKH,213992,CANCER,ANDHRA PRADESH,522315
ALASDAIR,86,M,1778,AB-,SIKH,212986,INFLUENZA,ANDHRA PRADESH,523331
AMANI,69,M,1719,O-,CHRISTIAN,204990,HYPERTENSION,HARYANA,125106
JERONIMO,64,M,1019,A+,MUSLIM,229003,CANCER,ANDHRA PRADESH,535527
TAMIEM,48,F,1153,AB+,CHRISTIAN,223150,MALARIA,ANDHRA PRADESH,521369
ROHIN,34,M,1138,O+,CHRISTIAN,208950,DIARRHEA,HARYANA,124501
RAY,94,F,1018,B+,MUSLIM,227531,AIDS,PUNJAB,143114
CONNAR,86,M,1596,O-,HINDU,212628,JAUNDICE,PUNJAB,152124
ROGER,68,F,1541,O-,MUSLIM,208344,EBOLA,HIMACHAL PRADESH,176033
SHEA,15,F,1507,AB+,CHRISTIAN,204202,TYPHOID,ANDHRA PRADESH,523329
SEPHIROTH,54,F,1289,AB+,SIKH,229584,CHICKEN POX,ANDHRA PRADESH,535557
DEAGAN,61,M,1510,AB-,MUSLIM,221123,CHOLERA,PUNJAB,148020
ABDUR-RAHMAN,54,M,1455,O-,SIKH,219133,STROKE,ANDHRA PRADESH,523169
STEPHENJUNIOR,16,F,1942,A+,MUSLIM,210803,JAUNDICE,JHARKHAND,827010
CONAN,94,M,1806,AB-,MUSLIM,207511,DIARRHEA,HARYANA,127028
REN,17,M,1845,A-,CHRISTIAN,216129,SMALL POX,ANDHRA PRADESH,523271
HAMZAH,73,F,1242,B+,SIKH,230971,ARTHRITIS,ANDHRA PRADESH,522304
DILLON,59,M,1615,A+,CHRISTIAN,202360,TETANUS,BIHAR,811213
DREW,90,F,1378,A+,SIKH,226114,EBOLA,ANDHRA PRADESH,522660
ALYAS,40,M,1411,A-,SIKH,214443,SMALL POX,PUNJAB,151108
VEERAN,52,M,1926,B+,HINDU,223390,BRAIN TUMOUR,ANDHRA PRADESH,522330
TOBEY,53,F,1333,B-,CHRISTIAN,205093,STROKE,ANDHRA PRADESH,535003
ALVIN,26,F,1548,A+,MUSLIM,214602,STROKE,ANDHRA PRADESH,531081
TOM,52,F,1918,O-,CHRISTIAN,208438,EBOLA,KERALA,680518
WALTER,45,F,1403,O-,SIKH,210987,JAUNDICE,JAMMU & KASHMIR,180012
AIDIAN,53,F,1714,B+,MUSLIM,201666,SWINE FLU,ANDHRA PRADESH,535547
SKYE,61,M,1171,B+,SIKH,200763,JAUNDICE,ODISHA,767037
EWAN,42,M,1113,O-,SIKH,219418,ASTHMA,ANDHRA PRADESH,522233
CONNAL,28,M,1615,B+,CHRISTIAN,230922,MALARIA,KERALA,689677
FAIZAAN,44,M,1376,AB+,CHRISTIAN,216050,MEASLES,KARNATAKA,571108
CONALL,17,M,1904,O-,MUSLIM,222258,EBOLA,ANDHRA PRADESH,534245
AMMER,57,F,1336,O+,MUSLIM,227649,BRAIN TUMOUR,ANDHRA PRADESH,533483
GABRIEL,79,F,1527,A-,MUSLIM,208380,DIARRHEA,KERALA,678007
FINAN,32,F,1901,B-,SIKH,208453,STROKE,ANDHRA PRADESH,516361
ROGER,80,F,1108,B-,HINDU,215348,JAUNDICE,BIHAR,821301
SUDAIS,81,F,1954,AB+,CHRISTIAN,202837,CANCER,ANDHRA PRADESH,533016
SOLOMON,93,M,1915,O-,SIKH,221563,MEASLES,HIMACHAL PRADESH,173024
GRAHAME,29,M,1429,A+,MUSLIM,210431,CANCER,ANDHRA PRADESH,515101
RHEYDEN,89,F,1908,O+,HINDU,207193,HEPATITIS,HARYANA,125121
EDDIE,94,M,1300,O+,CHRISTIAN,210452,MEASLES,HIMACHAL PRADESH,175026
CULLIN,94,M,1279,O+,MUSLIM,226215,ARTHRITIS,ANDHRA PRADESH,524222
FORBES,24,F,1618,O+,CHRISTIAN,222461,INFLUENZA,ANDHRA PRADESH,516289
HAMAD,86,M,1917,O-,MUSLIM,215369,DIARRHEA,UTTAR PRADESH,273212
STEPHEN,70,F,1507,B+,SIKH,223517,DIABETES,UTTAR PRADESH,271603
DIESIL,77,F,1241,B+,CHRISTIAN,212841,DENGUE,ANDHRA PRADESH,516101
ALISHAN,86,F,1469,O+,SIKH,204939,TYPHOID,ANDHRA PRADESH,515763
CORIE,91,F,1976,A-,SIKH,227151,HYPERTENSION,ANDHRA PRADESH,534301
SAHAIB,48,M,1423,B-,MUSLIM,208234,CANCER,ANDHRA PRADESH,522617
SAMAN,75,M,1956,O-,MUSLIM,204208,ARTHRITIS,UTTAR PRADESH,271201
EMERSON,45,M,1510,O-,SIKH,206618,DENGUE,ASSAM,788010
TY,17,M,1386,B+,HINDU,200479,DIARRHEA,ANDHRA PRADESH,515761
ZACHARIYA,87,M,1733,O+,MUSLIM,211746,JAUNDICE,PUNJAB,143506
ELLIOTT,23,F,1515,AB-,CHRISTIAN,224698,ASTHMA,TAMIL NADU,631205
KADYN,42,F,1303,B+,CHRISTIAN,212877,DIABETES,HARYANA,125048
FRASER,36,F,1422,B-,CHRISTIAN,200258,HYPERTENSION,UTTAR PRADESH,273152
JACKY,30,M,1932,AB+,SIKH,207165,RABIES,ANDHRA PRADESH,535526
ALIEKBER,92,F,1256,AB+,CHRISTIAN,206692,DIARRHEA,ANDHRA PRADESH,524310
WALID,36,F,1574,B+,CHRISTIAN,225537,SWINE FLU,MAHARASHTRA,415612
SAIM,57,F,1085,O-,MUSLIM,231040,SMALL POX,ANDHRA PRADESH,516401
JUDAH,86,F,1836,B-,CHRISTIAN,216028,JAUNDICE,HIMACHAL PRADESH,176317
JACOB,90,F,1343,B-,SIKH,215124,CHICKEN POX,KARNATAKA,573201
GEORGIA,80,F,1132,B+,HINDU,205584,RABIES,HIMACHAL PRADESH,176312
ROHIN,83,F,1653,O+,HINDU,224524,ARTHRITIS,ANDHRA PRADESH,518112
TIERAN,61,F,1098,O+,CHRISTIAN,224766,CANCER,ANDHRA PRADESH,523357
JEDIDIAH,73,M,1918,A+,HINDU,222146,CHICKEN POX,MAHARASHTRA,415610
TOBI,85,M,1480,O-,MUSLIM,204075,DIARRHEA,PUNJAB,144036
FILIP,86,F,1425,A-,SIKH,207687,ARTHRITIS,WEST BENGAL,721626
ALLESANDRO,40,M,1200,O+,CHRISTIAN,216342,CHICKEN POX,HARYANA,125051
ENZO,74,M,1886,B+,SIKH,231400,HYPERTENSION,ANDHRA PRADESH,531029
JOHNPAUL,81,F,1321,A-,SIKH,224643,ASTHMA,ASSAM,785675
TAMIEM,28,F,1625,B+,SIKH,212902,DIABETES,GUJARAT,387130
FLORIN,18,F,1228,O+,SIKH,202776,RABIES,ANDHRA PRADESH,516217
GEOFF,79,F,1232,AB+,MUSLIM,208026,AIDS,KARNATAKA,570001
HAN,77,F,1451,A+,MUSLIM,204583,ASTHMA,ANDHRA PRADESH,523291
ZACHARIYA,87,F,1947,AB-,MUSLIM,219713,EBOLA,ANDHRA PRADESH,522304
ZOHAIR,38,F,1279,A+,MUSLIM,203756,BRAIN TUMOUR,KERALA,673596
DERYN,61,F,1089,O-,HINDU,217208,JAUNDICE,KERALA,680102
AMI,62,M,1552,AB-,SIKH,226911,ASTHMA,HIMACHAL PRADESH,173027
SHAHMIR,71,F,1369,AB-,SIKH,218842,TYPHOID,KERALA,689121
ALBER,59,F,1288,A-,HINDU,201411,CHICKEN POX,ANDHRA PRADESH,535006
REID,48,M,1870,O+,SIKH,202905,RABIES,ANDHRA PRADESH,522330
CODIE,77,M,1930,AB+,SIKH,219683,EBOLA,PUNJAB,144205
JAKSYN,30,M,1884,O+,CHRISTIAN,222276,RABIES,ANDHRA PRADESH,530002
SEONAIDH,31,M,1416,A+,HINDU,220915,DIARRHEA,ASSAM,784176
UMAIR,47,M,1271,A+,MUSLIM,205693,DENGUE,ANDHRA PRADESH,517002
ALLY,88,M,1695,B-,HINDU,223016,CHICKEN POX,ANDHRA PRADESH,535527
ANTHONY-JOHN,66,M,1640,O-,HINDU,201508,HEART ATTACK,UTTAR PRADESH,284301
ALED,39,F,1784,B-,HINDU,225968,INFLUENZA,KERALA,678008
DAUMANTAS,65,F,1670,B+,CHRISTIAN,203477,TYPHOID,HARYANA,132107
SAYEED,41,F,1429,O-,HINDU,227747,TYPHOID,WEST BENGAL,721658
GRAHAM,34,M,1649,O-,HINDU,204961,ARTHRITIS,HARYANA,132023
SANDY,53,M,1858,O+,MUSLIM,212299,DENGUE,KERALA,689624
D'ARCY,47,F,1392,AB-,CHRISTIAN,204615,CHOLERA,ANDHRA PRADESH,531149
JAGAT,55,M,1471,AB-,HINDU,226872,MALARIA,ANDHRA PRADESH,517257
DARL,43,F,1493,A+,CHRISTIAN,210103,CHOLERA,ASSAM,783123
ALA,89,F,1884,A+,MUSLIM,229018,DENGUE,KERALA,689507
ZHUO,58,F,1806,AB-,MUSLIM,220585,AIDS,PUNJAB,148034
DIARMID,27,F,1920,B-,HINDU,224956,RABIES,ANDHRA PRADESH,516396
RILEY,75,M,1731,B-,MUSLIM,230627,HEART ATTACK,ANDHRA PRADESH,515123
HARIS,92,F,1835,A+,CHRISTIAN,211973,MEASLES,HIMACHAL PRADESH,171201
DEVLYN,32,M,1621,AB-,SIKH,203847,HYPERTENSION,JHARKHAND,827302
DAMIEN,52,F,1430,A-,MUSLIM,204452,EBOLA,ANDHRA PRADESH,523320
ROAN,54,M,1804,B+,HINDU,214866,CHOLERA,ANDHRA PRADESH,517590
COEL,73,F,1022,O-,CHRISTIAN,209762,CHICKEN POX,WEST BENGAL,721631
DANIEL-JAMES,42,F,1540,O+,SIKH,213588,SWINE FLU,WEST BENGAL,723202
SERGIO,61,M,1874,A-,MUSLIM,206703,AIDS,ANDHRA PRADESH,535547
GREGORY,73,F,1231,O+,MUSLIM,229403,AIDS,UTTAR PRADESH,273165
PRESTON,30,M,1769,A+,SIKH,207038,JAUNDICE,ANDHRA PRADESH,534328
FAHAD,57,F,1237,AB-,CHRISTIAN,224435,DENGUE,ODISHA,761144
GUTHRIE,63,M,1966,B+,MUSLIM,201367,TETANUS,KERALA,670703
DYLLAN-JAMES,45,M,1122,O-,SIKH,206439,TETANUS,KERALA,673572
RAMONE,51,M,1301,A+,CHRISTIAN,221550,EBOLA,PUNJAB,140117
JADEN,65,M,1351,O+,SIKH,228048,DIABETES,MAHARASHTRA,415102
ABDURRAHEEM,18,M,1543,A+,SIKH,223777,TETANUS,ANDHRA PRADESH,524001
JOSHIAH,78,M,1719,B+,HINDU,209241,SWINE FLU,HIMACHAL PRADESH,172033
TOMASZ,41,F,1245,AB-,HINDU,218546,AIDS,KERALA,671532
ANIS,85,M,1858,O+,HINDU,213851,CHOLERA,ANDHRA PRADESH,524305
RAFAL,41,F,1412,A-,SIKH,230388,SMALL POX,UTTARAKHAND,249196
ZAINE,75,M,1996,AB-,HINDU,208683,SMALL POX,PUNJAB,142042
SHAROZ,54,M,1435,AB-,SIKH,202404,SMALL POX,ARUNACHAL PRADESH,790106
RALFS,84,M,1339,O+,CHRISTIAN,212455,ASTHMA,ARUNACHAL PRADESH,791102
JARRED,46,M,1958,AB-,SIKH,228929,MALARIA,ARUNACHAL PRADESH,791102
RENG,47,M,1495,AB-,CHRISTIAN,212280,CANCER,UTTARAKHAND,248196
ZENDEL,63,F,1171,AB+,CHRISTIAN,229584,CHOLERA,UTTAR PRADESH,284123
TIYLAR,83,M,1385,AB+,SIKH,223655,EBOLA,ANDHRA PRADESH,518112
ALISDAIR,90,M,1626,AB-,HINDU,212890,HEART ATTACK,UTTAR PRADESH,273207
ABDULKADIR,80,M,1945,B-,SIKH,220661,MALARIA,ASSAM,787061
CORIN,38,F,1343,O-,CHRISTIAN,226013,SWINE FLU,ANDHRA PRADESH,515774
DOMENICO,93,M,1553,A+,SIKH,220065,DENGUE,ANDHRA PRADESH,535204
GEORGE,41,F,1868,A-,CHRISTIAN,213357,MEASLES,HIMACHAL PRADESH,171007
TISLOH,55,M,1873,AB+,SIKH,210635,HEPATITIS,ANDHRA PRADESH,522549
ZAKARIA,69,M,1483,O-,MUSLIM,213666,ARTHRITIS,ASSAM,787032
DENIS,39,F,1806,O-,SIKH,215820,TETANUS,ANDHRA PRADESH,532460
JUDE,77,M,1437,AB-,HINDU,232664,SMALL POX,ANDHRA PRADESH,522612
UZAYR,17,F,1739,O+,HINDU,227201,STROKE,ANDHRA PRADESH,523117
TAIT,59,M,1139,A-,SIKH,203059,JAUNDICE,HARYANA,125106
JASPER,24,F,1420,AB+,HINDU,204174,STROKE,HIMACHAL PRADESH,174320
GEORDAN,81,M,1232,A-,CHRISTIAN,208842,HEART ATTACK,ANDHRA PRADESH,523303
SANFUR,20,M,1866,B+,MUSLIM,218832,EBOLA,PUNJAB,152132
ZACHARY-MARC,85,M,1427,AB-,MUSLIM,204255,CHOLERA,ANDHRA PRADESH,523180
RIACH,55,M,1326,O-,HINDU,226100,CHICKEN POX,ANDHRA PRADESH,517619
ZINEDINE,79,F,1496,A-,CHRISTIAN,212083,CANCER,ANDHRA PRADESH,521122
DHYIA,21,M,1107,O-,HINDU,218967,HEART ATTACK,PUNJAB,152005
GREIG,48,F,1758,A+,MUSLIM,208584,ASTHMA,PUNJAB,144222
RAJAN,70,F,1357,B+,SIKH,220311,TETANUS,ANDHRA PRADESH,532195
FRANCO,37,M,1580,O-,SIKH,232652,ARTHRITIS,UTTAR PRADESH,209204
STRACHAN,40,F,1890,B+,CHRISTIAN,224106,STROKE,ANDHRA PRADESH,532168
DAVID-JAY,28,F,1451,A+,MUSLIM,214427,CHICKEN POX,ANDHRA PRADESH,531162
JOHN-SCOTT,32,M,1755,O-,CHRISTIAN,208956,EBOLA,HIMACHAL PRADESH,175101
ALVERN,68,M,1839,A+,HINDU,219464,TYPHOID,PUNJAB,142047
RHUDI,40,M,1594,O+,SIKH,219649,DIARRHEA,KERALA,691543
TREY,84,F,1675,O+,CHRISTIAN,230514,STROKE,PUNJAB,143119
JOHNNIE,78,M,1928,AB-,MUSLIM,223886,STROKE,KERALA,680587
FLINT,42,F,1170,O+,SIKH,204288,MALARIA,UTTAR PRADESH,284122
ERIK,41,M,1184,A+,SIKH,217199,DIARRHEA,ANDHRA PRADESH,524346
DEAN,29,F,1983,B-,CHRISTIAN,230396,MALARIA,ANDHRA PRADESH,523252
AREEB,47,F,1676,A-,CHRISTIAN,219885,HEART ATTACK,ANDHRA PRADESH,524308
FLINT,18,F,1165,O-,SIKH,203789,MEASLES,PUNJAB,141008
TALHA,76,M,1536,O-,CHRISTIAN,219876,ASTHMA,PUNJAB,146113
THOMSON,92,M,1417,A-,HINDU,210901,ASTHMA,HIMACHAL PRADESH,171018
JOHN-MICHAEL,87,M,1253,O+,CHRISTIAN,208659,HEART ATTACK,UTTAR PRADESH,209841
GUANG,57,M,1301,O-,SIKH,225174,CHICKEN POX,ANDHRA PRADESH,515711
ANNAN,66,F,1700,AB+,MUSLIM,229362,RABIES,JAMMU & KASHMIR,180007
GEORGIA,28,F,1984,O+,SIKH,221795,BRAIN TUMOUR,ARUNACHAL PRADESH,792120
DEVIN,40,M,1018,AB-,SIKH,228053,JAUNDICE,MAHARASHTRA,415724
EIHLI,84,F,1126,A+,HINDU,218464,CANCER,WEST BENGAL,723130
TYMOTEUSZ,67,F,1112,O-,CHRISTIAN,215072,STROKE,ANDHRA PRADESH,522112
JOCK,79,M,1169,A+,SIKH,227397,SWINE FLU,ARUNACHAL PRADESH,791101
SYMON,32,M,1288,B-,CHRISTIAN,226108,ARTHRITIS,MAHARASHTRA,413005
TAONGA,15,M,1660,AB-,HINDU,202942,JAUNDICE,ANDHRA PRADESH,524142
XAVIER,80,M,1875,AB-,HINDU,209355,ASTHMA,JHARKHAND,835213
CRUIZ,52,F,1683,AB-,HINDU,225746,AIDS,PUNJAB,144409
JAYDON,82,F,1812,B+,HINDU,211444,SMALL POX,KERALA,686578
FIACHRA,56,M,1565,A-,CHRISTIAN,213414,INFLUENZA,KARNATAKA,583131
STEVEN-LEE,70,F,1274,A-,SIKH,230959,JAUNDICE,ANDHRA PRADESH,517192
JAZ,57,M,1788,B+,CHRISTIAN,231902,INFLUENZA,ANDHRA PRADESH,532443
DOUGLAS,56,M,1585,B-,MUSLIM,218054,AIDS,ASSAM,783325
ARANDEEP,60,M,1762,B-,SIKH,221969,ARTHRITIS,WEST BENGAL,723152
ANISH,69,F,1558,O-,HINDU,213340,HEART ATTACK,BIHAR,811105
FARREN,17,F,1481,O-,SIKH,230368,MALARIA,HIMACHAL PRADESH,176308
JOSTELLE,40,F,1563,B-,CHRISTIAN,224753,RABIES,ANDHRA PRADESH,533102
DEVAN,49,M,1231,AB-,HINDU,217546,HEART ATTACK,ANDHRA PRADESH,523333
DEREK,50,F,1616,A+,HINDU,203881,STROKE,ANDHRA PRADESH,522616
GRIFFIN,73,M,1362,B-,MUSLIM,213631,DIABETES,MAHARASHTRA,422004
ANDREAS,22,M,1373,O-,HINDU,223175,RABIES,ANDHRA PRADESH,523245
WINDSOR,85,M,1865,O+,HINDU,207262,CANCER,HIMACHAL PRADESH,176311
GUERIN,89,M,1203,B-,HINDU,210203,CHOLERA,ANDHRA PRADESH,523227
JAOSHA,86,M,1182,A+,MUSLIM,230284,MALARIA,JHARKHAND,828142
ANTONY,26,M,1663,O-,CHRISTIAN,228598,CANCER,ANDHRA PRADESH,517643
RILEY,69,F,1367,B+,HINDU,222054,DENGUE,NAGALAND,797112
CORIN,53,M,1338,O-,MUSLIM,212722,CHICKEN POX,ARUNACHAL PRADESH,792055
RAYAN,66,M,1651,AB-,HINDU,220132,AIDS,WEST BENGAL,723152
COREY,34,F,1739,B+,SIKH,211304,TYPHOID,TAMIL NADU,631203
TEODOR,18,M,1986,A+,MUSLIM,220037,BRAIN TUMOUR,UTTARAKHAND,246174
VALERY,68,M,1914,B-,MUSLIM,229726,ARTHRITIS,HIMACHAL PRADESH,175122
ANTHONY,57,F,1162,O+,MUSLIM,200832,STROKE,GUJARAT,384335
RONAN,90,M,1881,B+,CHRISTIAN,204251,TETANUS,GUJARAT,394230
EADIE,32,F,1456,AB+,SIKH,212631,ARTHRITIS,ANDHRA PRADESH,523241
STANLEY,85,M,1611,AB+,MUSLIM,215962,INFLUENZA,JHARKHAND,835235
JOSH,78,F,1770,B-,HINDU,215640,ASTHMA,ANDHRA PRADESH,516002
STEFANO,26,M,1063,AB-,HINDU,221067,TYPHOID,PUNJAB,148021
REMIGIUSZ,32,M,1550,O-,SIKH,206303,EBOLA,UTTAR PRADESH,273404
ALLEN,20,M,1442,AB+,CHRISTIAN,208722,DIARRHEA,ANDHRA PRADESH,533294
ROSS-ANDREW,50,M,1187,A+,HINDU,224221,SMALL POX,ANDHRA PRADESH,535001
XIAO,47,F,1807,AB-,SIKH,209979,MEASLES,HIMACHAL PRADESH,172110
CULLIN,32,M,1774,A+,CHRISTIAN,231614,MALARIA,ANDHRA PRADESH,534341
RUBHAN,25,F,1585,AB+,MUSLIM,212807,HEPATITIS,BIHAR,845438
ZIYAAN,86,M,1349,O+,MUSLIM,200839,SWINE FLU,ANDHRA PRADESH,533436
TANE,46,M,1771,AB+,CHRISTIAN,217605,INFLUENZA,KERALA,686605
DOUGLAS,48,F,1833,AB-,SIKH,216787,AIDS,BIHAR,821109
QIRUI,61,F,1274,A+,SIKH,205278,STROKE,ANDHRA PRADESH,532220
DAYMIAN,48,M,1233,A+,HINDU,219127,TETANUS,ANDHRA PRADESH,532195
ROBBIE-LEE,70,M,1771,A-,SIKH,208168,JAUNDICE,ANDHRA PRADESH,522436
TEO,56,M,1485,AB+,MUSLIM,216484,AIDS,ANDHRA PRADESH,523368
RIKKI,63,F,1024,O-,HINDU,207146,EBOLA,PUNJAB,144224
TYE,28,M,1719,B+,HINDU,213757,STROKE,ANDHRA PRADESH,523336
DISSANAYAKE,20,F,1113,AB+,HINDU,204131,HEPATITIS,KERALA,679580
TITUS,55,F,1026,B-,MUSLIM,213073,SMALL POX,KERALA,691312
ELLIOTT,53,F,1432,AB-,CHRISTIAN,224046,SWINE FLU,ANDHRA PRADESH,515144
SALMAN,36,M,1640,AB-,SIKH,223054,ARTHRITIS,JAMMU & KASHMIR,192302
FINAN,44,M,1867,B+,MUSLIM,206184,INFLUENZA,ANDHRA PRADESH,524316
ROBERT-GORDON,45,M,1152,A-,HINDU,219372,TYPHOID,HIMACHAL PRADESH,174028
DENNY,36,F,1272,B-,CHRISTIAN,225865,ASTHMA,HIMACHAL PRADESH,174031
AMAAN,17,F,1958,B+,MUSLIM,206685,HEART ATTACK,ANDHRA PRADESH,535216
DEREK,85,M,1811,B+,MUSLIM,209259,HYPERTENSION,BIHAR,803120
FEZAAN,44,F,1180,B+,HINDU,221807,CANCER,ANDHRA PRADESH,533294
ABDUL-REHMAN,20,F,1221,A-,HINDU,227829,TETANUS,KERALA,695522
TITUS,51,F,1754,A-,HINDU,214457,EBOLA,ANDHRA PRADESH,515722
CORIN,21,F,1210,O-,HINDU,207600,MEASLES,ASSAM,786003
TIAN,27,M,1796,B+,HINDU,204153,BRAIN TUMOUR,ANDHRA PRADESH,524002
ANIR,31,M,1234,O+,SIKH,227770,RABIES,PUNJAB,144404
COLBY,15,F,1965,A-,CHRISTIAN,206827,ASTHMA,JHARKHAND,829110
TAEGAN,78,M,1939,B-,SIKH,230807,HYPERTENSION,MAHARASHTRA,422010
RYLAY,45,F,1088,O+,SIKH,222015,JAUNDICE,BIHAR,843128
GALLAGHER,90,M,1679,B-,CHRISTIAN,205716,JAUNDICE,PUNJAB,152032
RILEY,88,M,1266,A+,HINDU,217905,MALARIA,ANDHRA PRADESH,518165
YANN,88,F,1542,AB-,SIKH,214861,ARTHRITIS,ANDHRA PRADESH,515787
JAYKE,33,F,1362,AB+,CHRISTIAN,203388,RABIES,ANDHRA PRADESH,523109
JASIM,23,F,1615,AB-,HINDU,204528,SMALL POX,ANDHRA PRADESH,535270
ALVIN,80,M,1770,AB-,SIKH,213670,HEPATITIS,ANDHRA PRADESH,523225
ANTON,64,M,1851,AB+,MUSLIM,203555,SMALL POX,ANDHRA PRADESH,533107
FYNN,74,M,1096,A+,CHRISTIAN,218084,TETANUS,UTTAR PRADESH,284405
FRAZER,40,F,1590,AB-,CHRISTIAN,222037,AIDS,ASSAM,786007
JESUSEUN,64,F,1354,A+,SIKH,201430,ARTHRITIS,ASSAM,788127
TEOS,32,F,1449,A-,CHRISTIAN,219463,INFLUENZA,MAHARASHTRA,421308
VINCENZO,49,M,1673,AB-,CHRISTIAN,227759,MEASLES,HIMACHAL PRADESH,175036
JAI-RAJARAM,55,M,1626,AB+,CHRISTIAN,218546,CHOLERA,HARYANA,125102
ELLISANDRO,69,F,1033,A+,MUSLIM,220944,RABIES,HARYANA,121102
ARCHIE,65,M,1790,B+,SIKH,228406,TYPHOID,JHARKHAND,825409
EXODI,72,F,1501,A+,CHRISTIAN,203017,MEASLES,ANDHRA PRADESH,523241
DAN,21,F,1984,B-,MUSLIM,231857,DIARRHEA,HIMACHAL PRADESH,173029
DEAN,44,F,1445,O-,SIKH,218077,CHICKEN POX,HIMACHAL PRADESH,176315
TODD,77,F,1232,B-,SIKH,228609,EBOLA,UTTAR PRADESH,271201
ALEKSANDR,17,F,1313,B-,HINDU,211397,HEPATITIS,HIMACHAL PRADESH,175012
SEAMAS,49,F,1497,A+,SIKH,202386,INFLUENZA,UTTAR PRADESH,285001
ZHEN,49,M,1776,A+,HINDU,200831,CHOLERA,UTTAR PRADESH,273209
SAAD,57,F,1308,A-,HINDU,213216,HEART ATTACK,SIKKIM,737113
AIDEN-VEE,31,M,1394,AB+,CHRISTIAN,220236,CANCER,ANDHRA PRADESH,532215
ALPHONSE,75,F,1717,B-,HINDU,203947,DIABETES,ANDHRA PRADESH,534315
TYREE,19,F,1246,AB+,CHRISTIAN,211119,ARTHRITIS,HIMACHAL PRADESH,176311
ALESSANDRO,33,F,1639,O+,MUSLIM,214927,MEASLES,ANDHRA PRADESH,535204
DERRY,92,M,1385,B+,HINDU,229859,RABIES,BIHAR,845459
DEVIN,57,F,1527,AB+,SIKH,201314,TYPHOID,HIMACHAL PRADESH,175003
JOHNJAY,43,M,1074,AB+,HINDU,211619,TETANUS,UTTAR PRADESH,262901
JACKSON,21,M,1538,A+,MUSLIM,222376,BRAIN TUMOUR,KARNATAKA,586201
FELIX,76,M,1479,O-,MUSLIM,224774,CHICKEN POX,KERALA,673122
JAE,40,M,1931,O+,SIKH,225537,INFLUENZA,ASSAM,786103
QASIM,29,F,1000,B+,MUSLIM,205049,CHICKEN POX,WEST BENGAL,712409
FYNN,20,F,1602,A+,MUSLIM,226435,HYPERTENSION,ANDHRA PRADESH,523327
JAZ,18,M,1442,A-,MUSLIM,218785,DIARRHEA,ASSAM,786621
DARREL,69,F,1717,AB+,MUSLIM,209711,HEART ATTACK,UTTAR PRADESH,285202
ZACHARY,63,M,1908,O+,SIKH,225552,HEPATITIS,HIMACHAL PRADESH,176049
DEDENISEOLUWA,71,M,1496,O-,SIKH,203729,HYPERTENSION,BIHAR,821304
XAVIER,81,F,1808,A-,CHRISTIAN,202430,ASTHMA,ANDHRA PRADESH,522017
WARKHAS,94,M,1915,B+,MUSLIM,204726,SMALL POX,ANDHRA PRADESH,524344
DAVID-LEE,41,M,1172,O-,MUSLIM,227918,INFLUENZA,JHARKHAND,825108
JAMEIL,49,F,1093,B-,CHRISTIAN,215275,EBOLA,HIMACHAL PRADESH,172115
SAYF,36,F,1202,A+,CHRISTIAN,202456,SWINE FLU,ANDHRA PRADESH,515870
SAHIL,20,F,1468,B+,MUSLIM,208522,ASTHMA,UTTAR PRADESH,209825
DHYIA,61,F,1194,O-,HINDU,230923,ARTHRITIS,PUNJAB,151505
ED,36,M,1314,B-,MUSLIM,224736,ARTHRITIS,HARYANA,126114
SAHBIAN,64,F,1627,B-,HINDU,219705,HYPERTENSION,HARYANA,125004
RUPERT,35,M,1361,A+,CHRISTIAN,213293,HEPATITIS,ANDHRA PRADESH,518523
SONNY,24,M,1366,O-,HINDU,200605,CANCER,GUJARAT,387305
UMER,54,F,1750,B-,HINDU,218814,DENGUE,TAMIL NADU,635109
DERMOT,57,M,1818,O+,SIKH,205467,HEPATITIS,ANDHRA PRADESH,535534
ARI,52,F,1557,B-,SIKH,202829,TYPHOID,HIMACHAL PRADESH,175142
AIDIAN,41,F,1451,B-,HINDU,219287,DIARRHEA,KERALA,679531
RODRIGO,84,M,1808,AB+,MUSLIM,201377,RABIES,ANDHRA PRADESH,521165
ARNAB,67,M,1701,AB+,CHRISTIAN,207655,CANCER,UTTAR PRADESH,209111
ARIA,65,F,1192,A+,SIKH,219966,HYPERTENSION,ANDHRA PRADESH,515571
CULLEN,80,F,1575,A+,CHRISTIAN,200365,BRAIN TUMOUR,ANDHRA PRADESH,531027
SEBASTIEN,55,M,1454,O-,SIKH,218459,ASTHMA,HIMACHAL PRADESH,175012
EOIN,59,M,1104,B-,MUSLIM,217111,CHOLERA,JHARKHAND,825101
DOMANIC,74,F,1346,O+,HINDU,203418,DIABETES,BIHAR,843118
DAMON,89,M,1016,B+,SIKH,219821,CHICKEN POX,ANDHRA PRADESH,523167
ZAMAAR,38,F,1293,AB+,SIKH,206077,BRAIN TUMOUR,HARYANA,126110
AEDIN,71,F,1190,AB-,SIKH,200276,HEART ATTACK,PUNJAB,143516
SOHAN,39,M,1397,B-,HINDU,220830,SWINE FLU,GUJARAT,392001
JERRY,90,F,1381,A-,SIKH,208629,RABIES,ANDHRA PRADESH,533262
EIHLI,92,M,1692,B+,SIKH,225210,HEPATITIS,ANDHRA PRADESH,522414
YANICK,91,M,1534,B-,SIKH,223503,MEASLES,ANDHRA PRADESH,535145
SAMBRID,62,F,1018,A-,SIKH,222409,DIARRHEA,UTTARAKHAND,248140
SAJJAD,42,M,1522,A-,SIKH,211780,DENGUE,BIHAR,801301
AMOS,58,M,1651,AB-,SIKH,200742,HEPATITIS,UTTAR PRADESH,273302
YANG,92,F,1320,O-,CHRISTIAN,229009,HEPATITIS,MAHARASHTRA,413218
RONIN,38,M,1655,AB+,MUSLIM,202770,CHOLERA,ANDHRA PRADESH,515701
AMRO,85,F,1694,AB-,HINDU,207514,JAUNDICE,PUNJAB,143504
EOIN,30,M,1017,O-,HINDU,225402,INFLUENZA,ANDHRA PRADESH,515414
